District code,District name,Category,Student group,2022-2023 student count - year to date,2022-2023 attendance rate - year to date,2021-2022 student count,2021-2022 attendance rate,2020-2021 student count,2020-2021 attendance rate,2019-2020 student count,2019-2020 attendance rate,Reporting period,Update date
00000CT,Connecticut,,All Students,494006,0.9232,495156,0.9211,496458,0.9314,508345,0.9479,May 2023,06/16/2023
00000CT,Connecticut,Homelessness,Students Experiencing Homelessness,2385,0.8432,3645,0.8304,3110,0.8043,3916,0.8884,May 2023,06/16/2023
00000CT,Connecticut,Students With Disabilities,Students With Disabilities,79157,0.8992,83434,0.8952,81320,0.8958,80364,0.9277,May 2023,06/16/2023
00000CT,Connecticut,Free/Reduced Lunch,Free Meal Eligible,171312,0.8975,180342,0.891,181907,0.8862,193705,0.9314,May 2023,06/16/2023
00000CT,Connecticut,Free/Reduced Lunch,Reduced Price Meal Eligible,28732,0.9267,27218,0.9225,25735,0.9352,27507,0.9518,May 2023,06/16/2023
00000CT,Connecticut,Free/Reduced Lunch,Free/Reduced Price Meal Eligible,200044,0.9017,207560,0.8952,207642,0.8923,221212,0.934,May 2023,06/16/2023
00000CT,Connecticut,English Learners,English Learners,47371,0.9118,48220,0.9042,43217,0.8959,45413,0.9389,May 2023,06/16/2023
00000CT,Connecticut,Race/Ethnicity,All other races,49090,0.9338,48371,0.9342,47471,0.9502,47263,0.9559,May 2023,06/16/2023
00000CT,Connecticut,Race/Ethnicity,Black or African American,61197,0.9093,61758,0.8999,62584,0.8967,64199,0.9401,May 2023,06/16/2023
00000CT,Connecticut,Race/Ethnicity,Hispanic/Latino of any race,149197,0.906,144253,0.9,138910,0.8984,136948,0.9362,May 2023,06/16/2023
00000CT,Connecticut,Race/Ethnicity,White,234522,0.9355,240774,0.9361,247493,0.9547,259935,0.9543,May 2023,06/16/2023
00000CT,Connecticut,High Needs,Students Without High Needs,243186,0.9416,235736,0.9435,240575,0.9643,241610,0.9606,May 2023,06/16/2023
00000CT,Connecticut,High Needs,Students With High Needs,250820,0.9059,259420,0.9002,255883,0.9,266735,0.9361,May 2023,06/16/2023
0010011,Andover School District,,All Students,164,0.9326,161,0.9385,144,0.9681,158,0.9502,May 2023,06/16/2023
0010011,Andover School District,Students With Disabilities,Students With Disabilities,22,0.9296,24,0.9304,21,0.9579,,,May 2023,06/16/2023
0010011,Andover School District,Free/Reduced Lunch,Free/Reduced Price Meal Eligible,36,0.9254,30,0.9235,29,0.9399,37,0.9401,May 2023,06/16/2023
0010011,Andover School District,Race/Ethnicity,White,140,0.932,134,0.9365,117,0.9699,128,0.9479,May 2023,06/16/2023
0010011,Andover School District,High Needs,Students Without High Needs,111,0.9344,112,0.9427,99,0.9752,108,0.9552,May 2023,06/16/2023
0010011,Andover School District,High Needs,Students With High Needs,53,0.9288,49,0.9287,45,0.9523,50,0.9389,May 2023,06/16/2023
0020011,Ansonia School District,,All Students,2228,0.9236,2146,0.9229,2153,0.8936,2185,0.9413,May 2023,06/16/2023
0020011,Ansonia School District,Students With Disabilities,Students With Disabilities,360,0.911,359,0.9081,377,0.8697,411,0.9337,May 2023,06/16/2023
0020011,Ansonia School District,Free/Reduced Lunch,Free Meal Eligible,1204,0.9095,1221,0.9083,1309,0.868,1312,0.9312,May 2023,06/16/2023
0020011,Ansonia School District,Free/Reduced Lunch,Reduced Price Meal Eligible,190,0.9447,173,0.9363,192,0.9289,147,0.9563,May 2023,06/16/2023
0020011,Ansonia School District,Free/Reduced Lunch,Free/Reduced Price Meal Eligible,1394,0.9142,1394,0.9118,1501,0.8759,1459,0.9338,May 2023,06/16/2023
0020011,Ansonia School District,English Learners,English Learners,163,0.9351,142,0.9256,124,0.8965,129,0.9506,May 2023,06/16/2023
0020011,Ansonia School District,Race/Ethnicity,All other races,179,0.9172,151,0.9344,164,0.9157,170,0.9451,May 2023,06/16/2023
0020011,Ansonia School District,Race/Ethnicity,Black or African American,457,0.9279,436,0.9191,421,0.8705,434,0.9414,May 2023,06/16/2023
0020011,Ansonia School District,Race/Ethnicity,Hispanic/Latino of any race,1050,0.9198,986,0.9184,947,0.8815,923,0.9366,May 2023,06/16/2023
0020011,Ansonia School District,Race/Ethnicity,White,542,0.9295,573,0.9301,621,0.9215,658,0.9468,May 2023,06/16/2023
0020011,Ansonia School District,High Needs,Students Without High Needs,681,0.9416,614,0.9468,532,0.9397,587,0.9568,May 2023,06/16/2023
0020011,Ansonia School District,High Needs,Students With High Needs,1547,0.916,1532,0.9132,1621,0.8784,1598,0.9355,May 2023,06/16/2023
0030011,Ashford School District,,All Students,325,0.9286,342,0.9106,344,0.9551,348,0.9585,May 2023,06/16/2023
0030011,Ashford School District,Students With Disabilities,Students With Disabilities,46,0.9163,53,0.9061,47,0.9567,56,0.9468,May 2023,06/16/2023
0030011,Ashford School District,Free/Reduced Lunch,Free/Reduced Price Meal Eligible,103,0.9178,118,0.896,125,0.9315,130,0.9477,May 2023,06/16/2023
0030011,Ashford School District,Race/Ethnicity,Hispanic/Latino of any race,23,0.9002,30,0.8906,27,0.9404,22,0.9353,May 2023,06/16/2023
0030011,Ashford School District,Race/Ethnicity,White,278,0.9326,284,0.9156,292,0.96,298,0.9607,May 2023,06/16/2023
0030011,Ashford School District,High Needs,Students Without High Needs,190,0.9367,188,0.9192,188,0.9694,182,0.9666,May 2023,06/16/2023
0030011,Ashford School District,High Needs,Students With High Needs,135,0.9181,154,0.9,156,0.9375,166,0.9496,May 2023,06/16/2023
0040011,Avon School District,,All Students,3056,0.945,3057,0.9469,3099,0.9621,3138,0.9583,May 2023,06/16/2023
0040011,Avon School District,Students With Disabilities,Students With Disabilities,337,0.9172,358,0.9184,337,0.9239,330,0.9421,May 2023,06/16/2023
0040011,Avon School District,Free/Reduced Lunch,Free Meal Eligible,256,0.9105,242,0.9185,249,0.9155,243,0.9389,May 2023,06/16/2023
0040011,Avon School District,Free/Reduced Lunch,Reduced Price Meal Eligible,66,0.9172,57,0.9052,51,0.9395,47,0.9365,May 2023,06/16/2023
0040011,Avon School District,Free/Reduced Lunch,Free/Reduced Price Meal Eligible,322,0.9118,299,0.9159,300,0.9194,290,0.9385,May 2023,06/16/2023
0040011,Avon School District,English Learners,English Learners,80,0.9401,81,0.9416,93,0.9589,104,0.9435,May 2023,06/16/2023
0040011,Avon School District,Race/Ethnicity,All other races,721,0.9515,713,0.9551,738,0.9764,755,0.9643,May 2023,06/16/2023
0040011,Avon School District,Race/Ethnicity,Black or African American,173,0.9249,179,0.9255,172,0.9311,162,0.9478,May 2023,06/16/2023
0040011,Avon School District,Race/Ethnicity,Hispanic/Latino of any race,238,0.9337,221,0.9366,228,0.9403,215,0.952,May 2023,06/16/2023
0040011,Avon School District,Race/Ethnicity,White,1924,0.9457,1944,0.9471,1961,0.9619,2006,0.9576,May 2023,06/16/2023
0040011,Avon School District,High Needs,Students Without High Needs,2427,0.9513,2431,0.9531,2468,0.9699,2531,0.9622,May 2023,06/16/2023
0040011,Avon School District,High Needs,Students With High Needs,629,0.921,626,0.9226,631,0.9313,607,0.9417,May 2023,06/16/2023
0050011,Barkhamsted School District,,All Students,195,0.9355,199,0.9329,193,0.9699,199,0.9573,May 2023,06/16/2023
0050011,Barkhamsted School District,Students With Disabilities,Students With Disabilities,41,0.9319,47,0.9208,45,0.957,56,0.9536,May 2023,06/16/2023
0050011,Barkhamsted School District,Free/Reduced Lunch,Free/Reduced Price Meal Eligible,42,0.9318,50,0.9296,46,0.9631,54,0.9533,May 2023,06/16/2023
0050011,Barkhamsted School District,Race/Ethnicity,White,176,0.9356,176,0.9327,175,0.9695,182,0.9565,May 2023,06/16/2023
0050011,Barkhamsted School District,High Needs,Students Without High Needs,121,0.9384,117,0.9376,117,0.9766,113,0.9614,May 2023,06/16/2023
0050011,Barkhamsted School District,High Needs,Students With High Needs,74,0.9308,82,0.9261,76,0.9593,86,0.9519,May 2023,06/16/2023
0070011,Berlin School District,,All Students,2650,0.9407,2613,0.9386,2679,0.96,2700,0.9562,May 2023,06/16/2023
0070011,Berlin School District,Students With Disabilities,Students With Disabilities,384,0.9203,401,0.913,413,0.9322,398,0.9356,May 2023,06/16/2023
0070011,Berlin School District,Free/Reduced Lunch,Free Meal Eligible,486,0.9166,436,0.9111,492,0.9199,504,0.9379,May 2023,06/16/2023
0070011,Berlin School District,Free/Reduced Lunch,Reduced Price Meal Eligible,125,0.936,98,0.925,97,0.9561,83,0.9543,May 2023,06/16/2023
0070011,Berlin School District,Free/Reduced Lunch,Free/Reduced Price Meal Eligible,611,0.9205,534,0.9137,589,0.926,587,0.9403,May 2023,06/16/2023
0070011,Berlin School District,English Learners,English Learners,110,0.9299,97,0.9247,106,0.9313,96,0.9413,May 2023,06/16/2023
0070011,Berlin School District,Race/Ethnicity,All other races,191,0.9442,192,0.9439,199,0.9594,190,0.9627,May 2023,06/16/2023
0070011,Berlin School District,Race/Ethnicity,Black or African American,79,0.9328,64,0.9309,77,0.9385,63,0.9473,May 2023,06/16/2023
0070011,Berlin School District,Race/Ethnicity,Hispanic/Latino of any race,334,0.9205,319,0.9129,321,0.9274,313,0.9365,May 2023,06/16/2023
0070011,Berlin School District,Race/Ethnicity,White,2046,0.9439,2038,0.9423,2082,0.9658,2134,0.9587,May 2023,06/16/2023
0070011,Berlin School District,High Needs,Students Without High Needs,1765,0.9483,1777,0.9488,1797,0.9719,1838,0.9629,May 2023,06/16/2023
0070011,Berlin School District,High Needs,Students With High Needs,885,0.9256,836,0.9168,882,0.9357,862,0.9416,May 2023,06/16/2023
0080011,Bethany School District,,All Students,400,0.9485,391,0.9564,356,0.965,354,0.9573,May 2023,06/16/2023
0080011,Bethany School District,Students With Disabilities,Students With Disabilities,52,0.9431,55,0.9496,49,0.9534,46,0.9525,May 2023,06/16/2023
0080011,Bethany School District,Free/Reduced Lunch,Free/Reduced Price Meal Eligible,47,0.9316,46,0.9455,48,0.9196,49,0.9406,May 2023,06/16/2023
0080011,Bethany School District,English Learners,English Learners,33,0.9473,29,0.946,,,,,May 2023,06/16/2023
0080011,Bethany School District,Race/Ethnicity,All other races,42,0.9532,42,0.9543,,,28,0.9706,May 2023,06/16/2023
0080011,Bethany School District,Race/Ethnicity,White,315,0.9483,307,0.958,288,0.9659,296,0.9584,May 2023,06/16/2023
0080011,Bethany School District,High Needs,Students Without High Needs,287,0.9518,280,0.9597,259,0.9734,260,0.961,May 2023,06/16/2023
0080011,Bethany School District,High Needs,Students With High Needs,113,0.9402,111,0.9481,97,0.9421,94,0.947,May 2023,06/16/2023
0090011,Bethel School District,,All Students,3131,0.9392,3102,0.9438,3052,0.9508,3080,0.9563,May 2023,06/16/2023
0090011,Bethel School District,Students With Disabilities,Students With Disabilities,459,0.9235,457,0.9251,414,0.9092,387,0.9432,May 2023,06/16/2023
0090011,Bethel School District,Free/Reduced Lunch,Free Meal Eligible,714,0.9246,696,0.9275,747,0.9212,772,0.9476,May 2023,06/16/2023
0090011,Bethel School District,Free/Reduced Lunch,Reduced Price Meal Eligible,202,0.9375,160,0.9478,183,0.9531,215,0.9578,May 2023,06/16/2023
0090011,Bethel School District,Free/Reduced Lunch,Free/Reduced Price Meal Eligible,916,0.9274,856,0.9313,930,0.9276,987,0.9498,May 2023,06/16/2023
0090011,Bethel School District,English Learners,English Learners,184,0.9345,203,0.9319,195,0.923,222,0.9506,May 2023,06/16/2023
0090011,Bethel School District,Race/Ethnicity,All other races,396,0.9482,384,0.9504,364,0.9648,359,0.962,May 2023,06/16/2023
0090011,Bethel School District,Race/Ethnicity,Black or African American,134,0.945,128,0.9465,110,0.9454,101,0.9552,May 2023,06/16/2023
0090011,Bethel School District,Race/Ethnicity,Hispanic/Latino of any race,805,0.9376,750,0.9409,693,0.9358,685,0.9577,May 2023,06/16/2023
0090011,Bethel School District,Race/Ethnicity,White,1796,0.9375,1840,0.9434,1885,0.9538,1935,0.9548,May 2023,06/16/2023
0090011,Bethel School District,High Needs,Students Without High Needs,1861,0.9467,1866,0.9517,1799,0.9664,1805,0.9608,May 2023,06/16/2023
0090011,Bethel School District,High Needs,Students With High Needs,1270,0.9283,1236,0.9317,1253,0.9278,1275,0.9498,May 2023,06/16/2023
0110011,Bloomfield School District,,All Students,1697,0.9295,1732,0.9328,1756,0.938,1908,0.9532,May 2023,06/16/2023
0110011,Bloomfield School District,Students With Disabilities,Students With Disabilities,337,0.917,383,0.9177,369,0.9083,364,0.9426,May 2023,06/16/2023
0110011,Bloomfield School District,Free/Reduced Lunch,Free Meal Eligible,838,0.9178,858,0.9179,847,0.9196,1009,0.9471,May 2023,06/16/2023
0110011,Bloomfield School District,Free/Reduced Lunch,Reduced Price Meal Eligible,167,0.9333,145,0.9377,128,0.9497,198,0.9569,May 2023,06/16/2023
0110011,Bloomfield School District,Free/Reduced Lunch,Free/Reduced Price Meal Eligible,1005,0.9204,1003,0.9208,975,0.9236,1207,0.9487,May 2023,06/16/2023
0110011,Bloomfield School District,English Learners,English Learners,94,0.9278,93,0.9238,77,0.9236,78,0.9424,May 2023,06/16/2023
0110011,Bloomfield School District,Race/Ethnicity,All other races,109,0.9084,103,0.9304,87,0.9372,98,0.9485,May 2023,06/16/2023
0110011,Bloomfield School District,Race/Ethnicity,Black or African American,1237,0.9364,1266,0.9375,1350,0.9422,1476,0.9577,May 2023,06/16/2023
0110011,Bloomfield School District,Race/Ethnicity,Hispanic/Latino of any race,286,0.9131,299,0.9169,253,0.9147,255,0.934,May 2023,06/16/2023
0110011,Bloomfield School District,Race/Ethnicity,White,65,0.9077,64,0.9156,66,0.9419,79,0.9372,May 2023,06/16/2023
0110011,Bloomfield School District,High Needs,Students Without High Needs,557,0.9434,576,0.9509,628,0.9589,587,0.9625,May 2023,06/16/2023
0110011,Bloomfield School District,High Needs,Students With High Needs,1140,0.923,1156,0.9237,1128,0.9264,1321,0.9489,May 2023,06/16/2023
0120011,Bolton School District,,All Students,724,0.9478,743,0.9421,750,0.948,767,0.949,May 2023,06/16/2023
0120011,Bolton School District,Students With Disabilities,Students With Disabilities,83,0.9316,81,0.9068,83,0.8797,87,0.9303,May 2023,06/16/2023
0120011,Bolton School District,Free/Reduced Lunch,Free Meal Eligible,148,0.9251,152,0.8999,153,0.869,170,0.9344,May 2023,06/16/2023
0120011,Bolton School District,Free/Reduced Lunch,Reduced Price Meal Eligible,21,0.9329,20,0.9221,24,0.884,22,0.9229,May 2023,06/16/2023
0120011,Bolton School District,Free/Reduced Lunch,Free/Reduced Price Meal Eligible,169,0.9262,172,0.9025,177,0.871,192,0.9331,May 2023,06/16/2023
0120011,Bolton School District,Race/Ethnicity,All other races,53,0.9493,51,0.9417,53,0.9248,49,0.9428,May 2023,06/16/2023
0120011,Bolton School District,Race/Ethnicity,Black or African American,40,0.9239,35,0.9196,36,0.8662,41,0.9379,May 2023,06/16/2023
0120011,Bolton School District,Race/Ethnicity,Hispanic/Latino of any race,69,0.9364,88,0.9122,81,0.9086,88,0.9444,May 2023,06/16/2023
0120011,Bolton School District,Race/Ethnicity,White,562,0.9508,569,0.9482,580,0.9606,589,0.951,May 2023,06/16/2023
0120011,Bolton School District,High Needs,Students Without High Needs,509,0.9553,525,0.9563,520,0.9745,520,0.9559,May 2023,06/16/2023
0120011,Bolton School District,High Needs,Students With High Needs,215,0.9303,218,0.9083,230,0.8864,247,0.9344,May 2023,06/16/2023
0130011,Bozrah School District,,All Students,150,0.9426,158,0.9476,163,0.966,170,0.9573,May 2023,06/16/2023
0130011,Bozrah School District,Students With Disabilities,Students With Disabilities,24,0.9292,31,0.9261,29,0.9374,30,0.9326,May 2023,06/16/2023
0130011,Bozrah School District,Free/Reduced Lunch,Free/Reduced Price Meal Eligible,64,0.9367,70,0.9445,64,0.9582,70,0.9483,May 2023,06/16/2023
0130011,Bozrah School District,Race/Ethnicity,Hispanic/Latino of any race,22,0.948,24,0.9393,,,,,May 2023,06/16/2023
0130011,Bozrah School District,Race/Ethnicity,White,114,0.9413,117,0.9488,129,0.9684,132,0.9569,May 2023,06/16/2023
0130011,Bozrah School District,High Needs,Students Without High Needs,74,0.9497,71,0.9538,82,0.9738,85,0.9667,May 2023,06/16/2023
0130011,Bozrah School District,High Needs,Students With High Needs,76,0.9357,87,0.9422,81,0.9581,85,0.9478,May 2023,06/16/2023
0140011,Branford School District,,All Students,2522,0.9278,2527,0.9298,2531,0.9544,2678,0.9658,May 2023,06/16/2023
0140011,Branford School District,Students With Disabilities,Students With Disabilities,306,0.9198,328,0.9181,335,0.9365,353,0.9556,May 2023,06/16/2023
0140011,Branford School District,Free/Reduced Lunch,Free Meal Eligible,742,0.9046,705,0.9063,741,0.9248,810,0.9614,May 2023,06/16/2023
0140011,Branford School District,Free/Reduced Lunch,Reduced Price Meal Eligible,242,0.934,159,0.9339,143,0.9538,176,0.9632,May 2023,06/16/2023
0140011,Branford School District,Free/Reduced Lunch,Free/Reduced Price Meal Eligible,984,0.9118,864,0.9113,884,0.9296,986,0.9617,May 2023,06/16/2023
0140011,Branford School District,English Learners,English Learners,186,0.9362,180,0.9379,156,0.9548,151,0.9598,May 2023,06/16/2023
0140011,Branford School District,Race/Ethnicity,All other races,309,0.9369,288,0.9419,276,0.965,293,0.97,May 2023,06/16/2023
0140011,Branford School District,Race/Ethnicity,Black or African American,103,0.9343,99,0.9306,105,0.9396,101,0.9714,May 2023,06/16/2023
0140011,Branford School District,Race/Ethnicity,Hispanic/Latino of any race,398,0.9151,377,0.9106,346,0.9238,342,0.9561,May 2023,06/16/2023
0140011,Branford School District,Race/Ethnicity,White,1712,0.9287,1763,0.9318,1804,0.9595,1942,0.9665,May 2023,06/16/2023
0140011,Branford School District,High Needs,Students Without High Needs,1336,0.9385,1433,0.9394,1423,0.9685,1478,0.9693,May 2023,06/16/2023
0140011,Branford School District,High Needs,Students With High Needs,1186,0.9158,1094,0.9171,1108,0.9361,1200,0.9614,May 2023,06/16/2023
0150011,Bridgeport School District,,All Students,18508,0.9051,18391,0.9166,18228,0.9139,19423,0.9367,May 2023,06/16/2023
0150011,Bridgeport School District,Homelessness,Students Experiencing Homelessness,55,0.8485,220,0.8664,144,0.8288,107,0.8635,May 2023,06/16/2023
0150011,Bridgeport School District,Students With Disabilities,Students With Disabilities,3319,0.8795,3598,0.8959,3584,0.8838,3648,0.9196,May 2023,06/16/2023
0150011,Bridgeport School District,Free/Reduced Lunch,Free Meal Eligible,13227,0.8992,12616,0.9084,11574,0.8991,12851,0.9287,May 2023,06/16/2023
0150011,Bridgeport School District,Free/Reduced Lunch,Reduced Price Meal Eligible,970,0.9242,1196,0.9334,1232,0.9401,1364,0.9565,May 2023,06/16/2023
0150011,Bridgeport School District,Free/Reduced Lunch,Free/Reduced Price Meal Eligible,14197,0.901,13812,0.9106,12806,0.9031,14215,0.9314,May 2023,06/16/2023
0150011,Bridgeport School District,English Learners,English Learners,4781,0.9174,4827,0.9254,4007,0.9185,4240,0.9433,May 2023,06/16/2023
0150011,Bridgeport School District,Race/Ethnicity,All other races,827,0.9212,807,0.9347,782,0.9486,840,0.9538,May 2023,06/16/2023
0150011,Bridgeport School District,Race/Ethnicity,Black or African American,5292,0.9003,5516,0.9166,5777,0.9081,6312,0.9369,May 2023,06/16/2023
0150011,Bridgeport School District,Race/Ethnicity,Hispanic/Latino of any race,10791,0.9049,10330,0.9144,9735,0.9115,9977,0.934,May 2023,06/16/2023
0150011,Bridgeport School District,Race/Ethnicity,White,1598,0.9146,1738,0.9215,1934,0.929,2294,0.9416,May 2023,06/16/2023
0150011,Bridgeport School District,High Needs,Students Without High Needs,2982,0.924,2644,0.9397,3319,0.9506,3106,0.9555,May 2023,06/16/2023
0150011,Bridgeport School District,High Needs,Students With High Needs,15526,0.9021,15747,0.9127,14909,0.9057,16317,0.9331,May 2023,06/16/2023
0170011,Bristol School District,,All Students,7554,0.9246,7436,0.9305,7502,0.9139,7684,0.9482,May 2023,06/16/2023
0170011,Bristol School District,Homelessness,Students Experiencing Homelessness,98,0.8736,153,0.88,121,0.8279,116,0.8913,May 2023,06/16/2023
0170011,Bristol School District,Students With Disabilities,Students With Disabilities,1471,0.9038,1502,0.909,1534,0.8713,1552,0.9294,May 2023,06/16/2023
0170011,Bristol School District,Free/Reduced Lunch,Free Meal Eligible,3429,0.909,3535,0.9117,3564,0.8748,3721,0.9368,May 2023,06/16/2023
0170011,Bristol School District,Free/Reduced Lunch,Reduced Price Meal Eligible,603,0.9315,408,0.9332,437,0.9219,412,0.951,May 2023,06/16/2023
0170011,Bristol School District,Free/Reduced Lunch,Free/Reduced Price Meal Eligible,4032,0.9124,3943,0.9139,4001,0.88,4133,0.9382,May 2023,06/16/2023
0170011,Bristol School District,English Learners,English Learners,461,0.9178,467,0.9171,422,0.8892,440,0.9428,May 2023,06/16/2023
0170011,Bristol School District,Race/Ethnicity,All other races,669,0.9268,625,0.9312,610,0.9208,623,0.9564,May 2023,06/16/2023
0170011,Bristol School District,Race/Ethnicity,Black or African American,608,0.9287,571,0.9317,559,0.8983,561,0.9487,May 2023,06/16/2023
0170011,Bristol School District,Race/Ethnicity,Hispanic/Latino of any race,2801,0.9116,2615,0.9166,2495,0.8791,2430,0.9401,May 2023,06/16/2023
0170011,Bristol School District,Race/Ethnicity,White,3476,0.9338,3625,0.9399,3838,0.9372,4070,0.9515,May 2023,06/16/2023
0170011,Bristol School District,High Needs,Students Without High Needs,2931,0.9417,2895,0.952,2922,0.9577,2977,0.9618,May 2023,06/16/2023
0170011,Bristol School District,High Needs,Students With High Needs,4623,0.9139,4541,0.9163,4580,0.8853,4707,0.9393,May 2023,06/16/2023
0180011,Brookfield School District,,All Students,2555,0.9384,2545,0.9416,2531,0.9624,2574,0.9706,May 2023,06/16/2023
0180011,Brookfield School District,Students With Disabilities,Students With Disabilities,355,0.9182,381,0.926,364,0.9406,369,0.9673,May 2023,06/16/2023
0180011,Brookfield School District,Free/Reduced Lunch,Free Meal Eligible,413,0.9235,410,0.9202,412,0.9376,447,0.9669,May 2023,06/16/2023
0180011,Brookfield School District,Free/Reduced Lunch,Reduced Price Meal Eligible,152,0.9478,118,0.9395,111,0.9553,91,0.9693,May 2023,06/16/2023
0180011,Brookfield School District,Free/Reduced Lunch,Free/Reduced Price Meal Eligible,565,0.93,528,0.9244,523,0.9414,538,0.9673,May 2023,06/16/2023
0180011,Brookfield School District,English Learners,English Learners,106,0.9408,108,0.9401,94,0.9491,115,0.9708,May 2023,06/16/2023
0180011,Brookfield School District,Race/Ethnicity,All other races,234,0.9434,242,0.9501,248,0.9752,233,0.9794,May 2023,06/16/2023
0180011,Brookfield School District,Race/Ethnicity,Black or African American,77,0.9398,74,0.9518,65,0.9631,57,0.9735,May 2023,06/16/2023
0180011,Brookfield School District,Race/Ethnicity,Hispanic/Latino of any race,415,0.9305,366,0.9298,323,0.9475,299,0.967,May 2023,06/16/2023
0180011,Brookfield School District,Race/Ethnicity,White,1829,0.9394,1863,0.9424,1895,0.9631,1985,0.97,May 2023,06/16/2023
0180011,Brookfield School District,High Needs,Students Without High Needs,1729,0.9427,1718,0.9475,1726,0.9701,1740,0.9719,May 2023,06/16/2023
0180011,Brookfield School District,High Needs,Students With High Needs,826,0.9293,827,0.9293,805,0.9457,834,0.9677,May 2023,06/16/2023
0190011,Brooklyn School District,,All Students,805,0.9101,803,0.9227,775,0.9586,809,0.9526,May 2023,06/16/2023
0190011,Brooklyn School District,Students With Disabilities,Students With Disabilities,144,0.8818,155,0.8995,128,0.9202,127,0.9348,May 2023,06/16/2023
0190011,Brooklyn School District,Free/Reduced Lunch,Free Meal Eligible,247,0.8911,240,0.8951,237,0.931,270,0.9453,May 2023,06/16/2023
0190011,Brooklyn School District,Free/Reduced Lunch,Reduced Price Meal Eligible,54,0.913,55,0.9164,51,0.9657,66,0.9457,May 2023,06/16/2023
0190011,Brooklyn School District,Free/Reduced Lunch,Free/Reduced Price Meal Eligible,301,0.8951,295,0.8991,288,0.9373,336,0.9454,May 2023,06/16/2023
0190011,Brooklyn School District,Race/Ethnicity,Hispanic/Latino of any race,97,0.8971,89,0.8935,96,0.9472,91,0.9449,May 2023,06/16/2023
0190011,Brooklyn School District,Race/Ethnicity,White,633,0.9117,635,0.9261,602,0.9597,626,0.9541,May 2023,06/16/2023
0190011,Brooklyn School District,High Needs,Students Without High Needs,437,0.9242,439,0.9376,439,0.9737,431,0.9596,May 2023,06/16/2023
0190011,Brooklyn School District,High Needs,Students With High Needs,368,0.8936,364,0.9044,336,0.9385,378,0.9446,May 2023,06/16/2023
0210011,Canaan School District,,All Students,74,0.9399,77,0.9415,72,0.9667,69,0.9607,May 2023,06/16/2023
0210011,Canaan School District,Free/Reduced Lunch,Free/Reduced Price Meal Eligible,25,0.9296,33,0.942,23,0.9488,22,0.9531,May 2023,06/16/2023
0210011,Canaan School District,Race/Ethnicity,White,67,0.9401,,,68,0.9695,64,0.9601,May 2023,06/16/2023
0210011,Canaan School District,High Needs,Students Without High Needs,46,0.9441,39,0.939,46,0.9739,41,0.9618,May 2023,06/16/2023
0210011,Canaan School District,High Needs,Students With High Needs,28,0.9336,38,0.9442,26,0.9544,28,0.9592,May 2023,06/16/2023
0220011,Canterbury School District,,All Students,429,0.9434,427,0.9596,414,0.958,431,0.9593,May 2023,06/16/2023
0220011,Canterbury School District,Students With Disabilities,Students With Disabilities,46,0.9317,49,0.9557,50,0.9497,54,0.9467,May 2023,06/16/2023
0220011,Canterbury School District,Free/Reduced Lunch,Free Meal Eligible,97,0.9324,102,0.9568,84,0.9449,142,0.9482,May 2023,06/16/2023
0220011,Canterbury School District,Free/Reduced Lunch,Reduced Price Meal Eligible,32,0.939,34,0.942,38,0.9488,29,0.9607,May 2023,06/16/2023
0220011,Canterbury School District,Free/Reduced Lunch,Free/Reduced Price Meal Eligible,129,0.9341,136,0.953,122,0.9461,171,0.9504,May 2023,06/16/2023
0220011,Canterbury School District,Race/Ethnicity,Hispanic/Latino of any race,45,0.9334,37,0.957,34,0.9243,28,0.9473,May 2023,06/16/2023
0220011,Canterbury School District,Race/Ethnicity,White,371,0.9446,382,0.9599,368,0.9606,387,0.9602,May 2023,06/16/2023
0220011,Canterbury School District,High Needs,Students Without High Needs,275,0.9481,266,0.9624,259,0.9638,232,0.9658,May 2023,06/16/2023
0220011,Canterbury School District,High Needs,Students With High Needs,154,0.9352,161,0.9549,155,0.9481,199,0.9516,May 2023,06/16/2023
0230011,Canton School District,,All Students,1489,0.9317,1461,0.9354,1509,0.9503,1553,0.9482,May 2023,06/16/2023
0230011,Canton School District,Students With Disabilities,Students With Disabilities,246,0.9041,251,0.9037,220,0.932,219,0.9397,May 2023,06/16/2023
0230011,Canton School District,Free/Reduced Lunch,Free Meal Eligible,183,0.907,,,,,194,0.942,May 2023,06/16/2023
0230011,Canton School District,Free/Reduced Lunch,Reduced Price Meal Eligible,33,0.9131,,,,,30,0.9521,May 2023,06/16/2023
0230011,Canton School District,Free/Reduced Lunch,Free/Reduced Price Meal Eligible,216,0.9079,265,0.9115,254,0.9241,224,0.9434,May 2023,06/16/2023
0230011,Canton School District,Race/Ethnicity,All other races,81,0.9298,79,0.9296,84,0.9564,79,0.9421,May 2023,06/16/2023
0230011,Canton School District,Race/Ethnicity,Black or African American,100,0.907,87,0.8988,96,0.9076,93,0.9324,May 2023,06/16/2023
0230011,Canton School District,Race/Ethnicity,Hispanic/Latino of any race,116,0.9102,96,0.9163,100,0.9305,117,0.9374,May 2023,06/16/2023
0230011,Canton School District,Race/Ethnicity,White,1192,0.936,1199,0.94,1229,0.9548,1264,0.9507,May 2023,06/16/2023
0230011,Canton School District,High Needs,Students Without High Needs,1076,0.9409,1012,0.9454,1100,0.9577,1145,0.9498,May 2023,06/16/2023
0230011,Canton School District,High Needs,Students With High Needs,413,0.9082,449,0.913,409,0.9301,408,0.9437,May 2023,06/16/2023
0240011,Chaplin School District,,All Students,132,0.9339,143,0.932,128,0.9503,125,0.9671,May 2023,06/16/2023
0240011,Chaplin School District,Free/Reduced Lunch,Free/Reduced Price Meal Eligible,60,0.9382,71,0.9287,54,0.9433,62,0.9618,May 2023,06/16/2023
0240011,Chaplin School District,Race/Ethnicity,White,105,0.9301,121,0.9338,112,0.9531,107,0.9671,May 2023,06/16/2023
0240011,Chaplin School District,High Needs,Students Without High Needs,67,0.9293,66,0.9379,68,0.9566,54,0.9731,May 2023,06/16/2023
0240011,Chaplin School District,High Needs,Students With High Needs,65,0.9386,77,0.9269,60,0.943,71,0.9621,May 2023,06/16/2023
0250011,Cheshire School District,,All Students,4117,0.9421,4119,0.9485,4048,0.9712,4099,0.957,May 2023,06/16/2023
0250011,Cheshire School District,Students With Disabilities,Students With Disabilities,523,0.9187,541,0.9205,540,0.9368,533,0.9331,May 2023,06/16/2023
0250011,Cheshire School District,Free/Reduced Lunch,Free Meal Eligible,527,0.9218,496,0.9277,434,0.9478,462,0.9371,May 2023,06/16/2023
0250011,Cheshire School District,Free/Reduced Lunch,Reduced Price Meal Eligible,153,0.9334,140,0.9425,138,0.9618,138,0.9557,May 2023,06/16/2023
0250011,Cheshire School District,Free/Reduced Lunch,Free/Reduced Price Meal Eligible,680,0.9244,636,0.931,572,0.9512,600,0.9413,May 2023,06/16/2023
0250011,Cheshire School District,English Learners,English Learners,123,0.9387,109,0.9539,83,0.9583,58,0.954,May 2023,06/16/2023
0250011,Cheshire School District,Race/Ethnicity,All other races,520,0.9458,527,0.9498,519,0.9752,506,0.9632,May 2023,06/16/2023
0250011,Cheshire School District,Race/Ethnicity,Black or African American,146,0.9341,135,0.9442,128,0.9505,120,0.9536,May 2023,06/16/2023
0250011,Cheshire School District,Race/Ethnicity,Hispanic/Latino of any race,369,0.9303,311,0.9374,256,0.9658,249,0.9459,May 2023,06/16/2023
0250011,Cheshire School District,Race/Ethnicity,White,3082,0.9433,3146,0.9495,3145,0.9718,3224,0.957,May 2023,06/16/2023
0250011,Cheshire School District,High Needs,Students Without High Needs,3005,0.9484,3034,0.9551,3037,0.9788,3092,0.9625,May 2023,06/16/2023
0250011,Cheshire School District,High Needs,Students With High Needs,1112,0.9252,1085,0.9296,1011,0.9484,1007,0.9398,May 2023,06/16/2023
0260011,Chester School District,,All Students,219,0.9336,214,0.9531,208,0.9659,188,0.9723,May 2023,06/16/2023
0260011,Chester School District,Students With Disabilities,Students With Disabilities,26,0.9194,33,0.946,29,0.9596,25,0.9633,May 2023,06/16/2023
0260011,Chester School District,Free/Reduced Lunch,Free/Reduced Price Meal Eligible,54,0.9215,57,0.9424,52,0.9522,43,0.9619,May 2023,06/16/2023
0260011,Chester School District,Race/Ethnicity,White,195,0.9343,191,0.9541,182,0.9682,165,0.9717,May 2023,06/16/2023
0260011,Chester School District,High Needs,Students Without High Needs,152,0.9379,144,0.9574,142,0.9722,129,0.9764,May 2023,06/16/2023
0260011,Chester School District,High Needs,Students With High Needs,67,0.924,70,0.9438,66,0.9528,59,0.9633,May 2023,06/16/2023
0270011,Clinton School District,,All Students,1453,0.9346,1489,0.9407,1518,0.9517,1624,0.9454,May 2023,06/16/2023
0270011,Clinton School District,Students With Disabilities,Students With Disabilities,203,0.8963,224,0.9102,213,0.9268,218,0.9326,May 2023,06/16/2023
0270011,Clinton School District,Free/Reduced Lunch,Free Meal Eligible,401,0.9163,411,0.9283,404,0.9218,454,0.9358,May 2023,06/16/2023
0270011,Clinton School District,Free/Reduced Lunch,Reduced Price Meal Eligible,102,0.9399,100,0.9384,102,0.9546,122,0.941,May 2023,06/16/2023
0270011,Clinton School District,Free/Reduced Lunch,Free/Reduced Price Meal Eligible,503,0.9211,511,0.9302,506,0.9285,576,0.9369,May 2023,06/16/2023
0270011,Clinton School District,English Learners,English Learners,117,0.9389,136,0.9417,113,0.9255,101,0.9477,May 2023,06/16/2023
0270011,Clinton School District,Race/Ethnicity,Hispanic/Latino of any race,338,0.9312,327,0.9419,310,0.9397,299,0.9516,May 2023,06/16/2023
0270011,Clinton School District,Race/Ethnicity,White,1022,0.9347,1076,0.9397,1131,0.9546,1246,0.9448,May 2023,06/16/2023
0270011,Clinton School District,High Needs,Students Without High Needs,817,0.9464,824,0.9502,868,0.9679,909,0.9516,May 2023,06/16/2023
0270011,Clinton School District,High Needs,Students With High Needs,636,0.9196,665,0.9288,650,0.9298,715,0.9373,May 2023,06/16/2023
0280011,Colchester School District,,All Students,2119,0.929,2138,0.9324,2095,0.9559,2180,0.9523,May 2023,06/16/2023
0280011,Colchester School District,Students With Disabilities,Students With Disabilities,309,0.9167,332,0.9172,278,0.9304,319,0.9343,May 2023,06/16/2023
0280011,Colchester School District,Free/Reduced Lunch,Free Meal Eligible,411,0.9016,428,0.9083,368,0.9197,417,0.9324,May 2023,06/16/2023
0280011,Colchester School District,Free/Reduced Lunch,Reduced Price Meal Eligible,82,0.8965,65,0.8992,92,0.9395,112,0.9382,May 2023,06/16/2023
0280011,Colchester School District,Free/Reduced Lunch,Free/Reduced Price Meal Eligible,493,0.9008,493,0.9071,460,0.9237,529,0.9336,May 2023,06/16/2023
0280011,Colchester School District,English Learners,English Learners,37,0.9217,38,0.9089,,,,,May 2023,06/16/2023
0280011,Colchester School District,Race/Ethnicity,All other races,153,0.9331,168,0.9337,156,0.9569,141,0.9656,May 2023,06/16/2023
0280011,Colchester School District,Race/Ethnicity,Black or African American,39,0.9197,30,0.9183,33,0.9482,36,0.9517,May 2023,06/16/2023
0280011,Colchester School District,Race/Ethnicity,Hispanic/Latino of any race,194,0.9141,186,0.9222,167,0.938,158,0.9461,May 2023,06/16/2023
0280011,Colchester School District,Race/Ethnicity,White,1733,0.9305,1754,0.9336,1739,0.9576,1845,0.9518,May 2023,06/16/2023
0280011,Colchester School District,High Needs,Students Without High Needs,1428,0.9381,1431,0.9415,1438,0.9678,1453,0.9609,May 2023,06/16/2023
0280011,Colchester School District,High Needs,Students With High Needs,691,0.9106,707,0.9138,657,0.9295,727,0.9349,May 2023,06/16/2023
0290011,Colebrook School District,,All Students,72,0.9455,75,0.9242,78,0.9609,73,0.9683,May 2023,06/16/2023
0290011,Colebrook School District,Free/Reduced Lunch,Free/Reduced Price Meal Eligible,25,0.9419,20,0.9135,27,0.9569,,,May 2023,06/16/2023
0290011,Colebrook School District,Race/Ethnicity,White,66,0.9458,71,0.9227,72,0.9609,67,0.9689,May 2023,06/16/2023
0290011,Colebrook School District,High Needs,Students Without High Needs,38,0.9476,46,0.9283,40,0.9628,43,0.9698,May 2023,06/16/2023
0290011,Colebrook School District,High Needs,Students With High Needs,34,0.9432,29,0.9176,38,0.9589,30,0.9661,May 2023,06/16/2023
0300011,Columbia School District,,All Students,440,0.9444,413,0.9513,399,0.9575,390,0.9563,May 2023,06/16/2023
0300011,Columbia School District,Students With Disabilities,Students With Disabilities,45,0.9385,51,0.9483,45,0.9371,47,0.9373,May 2023,06/16/2023
0300011,Columbia School District,Free/Reduced Lunch,Free Meal Eligible,79,0.9297,,,,,,,May 2023,06/16/2023
0300011,Columbia School District,Free/Reduced Lunch,Reduced Price Meal Eligible,24,0.9626,,,,,,,May 2023,06/16/2023
0300011,Columbia School District,Free/Reduced Lunch,Free/Reduced Price Meal Eligible,103,0.9375,90,0.9428,78,0.9313,91,0.9498,May 2023,06/16/2023
0300011,Columbia School District,Race/Ethnicity,Hispanic/Latino of any race,44,0.9444,39,0.9516,30,0.9477,29,0.9666,May 2023,06/16/2023
0300011,Columbia School District,Race/Ethnicity,White,368,0.9453,352,0.952,342,0.9613,344,0.9557,May 2023,06/16/2023
0300011,Columbia School District,High Needs,Students Without High Needs,309,0.9466,290,0.9537,288,0.9663,267,0.9593,May 2023,06/16/2023
0300011,Columbia School District,High Needs,Students With High Needs,131,0.9393,123,0.9457,111,0.9352,123,0.9498,May 2023,06/16/2023
0310011,Cornwall School District,,All Students,93,0.9451,105,0.9396,118,0.968,90,0.9553,May 2023,06/16/2023
0310011,Cornwall School District,Free/Reduced Lunch,Free/Reduced Price Meal Eligible,28,0.957,32,0.9425,23,0.967,,,May 2023,06/16/2023
0310011,Cornwall School District,Race/Ethnicity,White,77,0.9462,88,0.9386,97,0.9665,68,0.9541,May 2023,06/16/2023
0310011,Cornwall School District,High Needs,Students Without High Needs,59,0.9383,66,0.9374,86,0.9682,57,0.9573,May 2023,06/16/2023
0310011,Cornwall School District,High Needs,Students With High Needs,34,0.9569,39,0.9433,32,0.9675,33,0.952,May 2023,06/16/2023
0320011,Coventry School District,,All Students,1534,0.9252,1548,0.9311,1534,0.9524,1580,0.9434,May 2023,06/16/2023
0320011,Coventry School District,Students With Disabilities,Students With Disabilities,199,0.8917,220,0.9019,217,0.9091,222,0.9241,May 2023,06/16/2023
0320011,Coventry School District,Free/Reduced Lunch,Free Meal Eligible,276,0.888,284,0.8871,294,0.9112,328,0.9193,May 2023,06/16/2023
0320011,Coventry School District,Free/Reduced Lunch,Reduced Price Meal Eligible,82,0.9253,75,0.9397,66,0.947,72,0.9383,May 2023,06/16/2023
0320011,Coventry School District,Free/Reduced Lunch,Free/Reduced Price Meal Eligible,358,0.8965,359,0.8982,360,0.9179,400,0.9228,May 2023,06/16/2023
0320011,Coventry School District,Race/Ethnicity,Hispanic/Latino of any race,119,0.9002,107,0.907,111,0.9325,112,0.9295,May 2023,06/16/2023
0320011,Coventry School District,Race/Ethnicity,White,1321,0.9276,1341,0.9348,1328,0.9561,1369,0.9458,May 2023,06/16/2023
0320011,Coventry School District,High Needs,Students Without High Needs,1044,0.9371,1047,0.9436,1035,0.9677,1053,0.9518,May 2023,06/16/2023
0320011,Coventry School District,High Needs,Students With High Needs,490,0.9001,501,0.9047,499,0.9199,527,0.9262,May 2023,06/16/2023
0330011,Cromwell School District,,All Students,1900,0.9425,1871,0.9568,1934,0.966,1923,0.9733,May 2023,06/16/2023
0330011,Cromwell School District,Students With Disabilities,Students With Disabilities,228,0.9138,224,0.9387,211,0.9416,204,0.9643,May 2023,06/16/2023
0330011,Cromwell School District,Free/Reduced Lunch,Free Meal Eligible,389,0.9178,391,0.9374,387,0.9401,424,0.9655,May 2023,06/16/2023
0330011,Cromwell School District,Free/Reduced Lunch,Reduced Price Meal Eligible,103,0.9307,95,0.9373,92,0.9651,102,0.9745,May 2023,06/16/2023
0330011,Cromwell School District,Free/Reduced Lunch,Free/Reduced Price Meal Eligible,492,0.9206,486,0.9374,479,0.9449,526,0.9673,May 2023,06/16/2023
0330011,Cromwell School District,English Learners,English Learners,105,0.927,104,0.9435,103,0.9484,98,0.9696,May 2023,06/16/2023
0330011,Cromwell School District,Race/Ethnicity,All other races,220,0.9398,198,0.9571,201,0.9709,200,0.9759,May 2023,06/16/2023
0330011,Cromwell School District,Race/Ethnicity,Black or African American,132,0.9479,125,0.9536,142,0.9509,151,0.9662,May 2023,06/16/2023
0330011,Cromwell School District,Race/Ethnicity,Hispanic/Latino of any race,250,0.9276,254,0.9447,246,0.9437,216,0.9651,May 2023,06/16/2023
0330011,Cromwell School District,Race/Ethnicity,White,1298,0.9452,1294,0.9594,1345,0.9709,1356,0.9751,May 2023,06/16/2023
0330011,Cromwell School District,High Needs,Students Without High Needs,1242,0.953,1217,0.9658,1275,0.9756,1240,0.9767,May 2023,06/16/2023
0330011,Cromwell School District,High Needs,Students With High Needs,658,0.9228,654,0.9399,659,0.9474,683,0.967,May 2023,06/16/2023
0340011,Danbury School District,,All Students,11925,0.9266,11775,0.9225,11455,0.9404,11718,0.949,May 2023,06/16/2023
0340011,Danbury School District,Students With Disabilities,Students With Disabilities,1475,0.9087,1547,0.9031,1486,0.914,1487,0.9274,May 2023,06/16/2023
0340011,Danbury School District,Free/Reduced Lunch,Free Meal Eligible,4644,0.9202,5220,0.9142,5120,0.9255,5384,0.9419,May 2023,06/16/2023
0340011,Danbury School District,Free/Reduced Lunch,Reduced Price Meal Eligible,931,0.9411,1059,0.9317,1012,0.9434,961,0.9549,May 2023,06/16/2023
0340011,Danbury School District,Free/Reduced Lunch,Free/Reduced Price Meal Eligible,5575,0.9237,6279,0.9172,6132,0.9285,6345,0.9438,May 2023,06/16/2023
0340011,Danbury School District,English Learners,English Learners,3936,0.9227,4086,0.9185,3328,0.9231,3463,0.9502,May 2023,06/16/2023
0340011,Danbury School District,Race/Ethnicity,All other races,998,0.9302,991,0.9267,1064,0.9528,1005,0.9503,May 2023,06/16/2023
0340011,Danbury School District,Race/Ethnicity,Black or African American,793,0.9235,782,0.9192,797,0.9401,852,0.9325,May 2023,06/16/2023
0340011,Danbury School District,Race/Ethnicity,Hispanic/Latino of any race,7483,0.9246,7178,0.9195,6481,0.9323,5924,0.9502,May 2023,06/16/2023
0340011,Danbury School District,Race/Ethnicity,White,2651,0.9319,2824,0.9293,3113,0.9526,3937,0.9506,May 2023,06/16/2023
0340011,Danbury School District,High Needs,Students Without High Needs,3991,0.9367,3305,0.9396,3569,0.9688,3563,0.9591,May 2023,06/16/2023
0340011,Danbury School District,High Needs,Students With High Needs,7934,0.9219,8470,0.9156,7886,0.9273,8155,0.9445,May 2023,06/16/2023
0350011,Darien School District,,All Students,4603,0.9554,4642,0.9563,4634,0.9779,4675,0.9621,May 2023,06/16/2023
0350011,Darien School District,Students With Disabilities,Students With Disabilities,822,0.95,885,0.946,858,0.9713,811,0.9574,May 2023,06/16/2023
0350011,Darien School District,Free/Reduced Lunch,Free/Reduced Price Meal Eligible,57,0.957,97,0.9512,83,0.9773,117,0.9684,May 2023,06/16/2023
0350011,Darien School District,English Learners,English Learners,62,0.9534,59,0.9475,56,0.9723,65,0.9568,May 2023,06/16/2023
0350011,Darien School District,Race/Ethnicity,All other races,503,0.9597,457,0.9646,425,0.984,408,0.9662,May 2023,06/16/2023
0350011,Darien School District,Race/Ethnicity,Black or African American,28,0.9654,37,0.956,42,0.9817,50,0.9762,May 2023,06/16/2023
0350011,Darien School District,Race/Ethnicity,Hispanic/Latino of any race,322,0.9507,310,0.9514,301,0.9739,262,0.9594,May 2023,06/16/2023
0350011,Darien School District,Race/Ethnicity,White,3750,0.9552,3838,0.9557,3866,0.9775,3955,0.9617,May 2023,06/16/2023
0350011,Darien School District,High Needs,Students Without High Needs,3703,0.9566,3664,0.9587,3687,0.9794,3744,0.9631,May 2023,06/16/2023
0350011,Darien School District,High Needs,Students With High Needs,900,0.9507,978,0.9474,947,0.9718,931,0.9579,May 2023,06/16/2023
0360011,Deep River School District,,All Students,197,0.9435,206,0.9574,215,0.9727,236,0.9614,May 2023,06/16/2023
0360011,Deep River School District,Students With Disabilities,Students With Disabilities,28,0.9281,38,0.9441,40,0.9567,35,0.9587,May 2023,06/16/2023
0360011,Deep River School District,Free/Reduced Lunch,Free/Reduced Price Meal Eligible,70,0.9265,72,0.9477,85,0.9613,88,0.9607,May 2023,06/16/2023
0360011,Deep River School District,Race/Ethnicity,Hispanic/Latino of any race,21,0.9316,,,,,,,May 2023,06/16/2023
0360011,Deep River School District,Race/Ethnicity,White,167,0.9478,178,0.9584,182,0.973,196,0.9602,May 2023,06/16/2023
0360011,Deep River School District,High Needs,Students Without High Needs,108,0.9562,109,0.9646,108,0.983,131,0.9617,May 2023,06/16/2023
0360011,Deep River School District,High Needs,Students With High Needs,89,0.9285,97,0.9493,107,0.9624,105,0.9611,May 2023,06/16/2023
0370011,Derby School District,,All Students,1283,0.9043,1210,0.9066,1229,0.9328,1237,0.9439,May 2023,06/16/2023
0370011,Derby School District,Students With Disabilities,Students With Disabilities,257,0.8928,265,0.8865,263,0.9076,256,0.9298,May 2023,06/16/2023
0370011,Derby School District,Free/Reduced Lunch,Free Meal Eligible,608,0.8913,616,0.891,575,0.9168,669,0.9342,May 2023,06/16/2023
0370011,Derby School District,Free/Reduced Lunch,Reduced Price Meal Eligible,85,0.9109,88,0.9051,84,0.9558,105,0.9539,May 2023,06/16/2023
0370011,Derby School District,Free/Reduced Lunch,Free/Reduced Price Meal Eligible,693,0.8937,704,0.8928,659,0.9218,774,0.9368,May 2023,06/16/2023
0370011,Derby School District,English Learners,English Learners,58,0.932,53,0.9077,45,0.9459,29,0.964,May 2023,06/16/2023
0370011,Derby School District,Race/Ethnicity,All other races,109,0.9035,103,0.9049,105,0.9256,106,0.9505,May 2023,06/16/2023
0370011,Derby School District,Race/Ethnicity,Black or African American,278,0.9104,236,0.9092,236,0.923,248,0.9387,May 2023,06/16/2023
0370011,Derby School District,Race/Ethnicity,Hispanic/Latino of any race,525,0.9022,489,0.9003,474,0.9275,437,0.9438,May 2023,06/16/2023
0370011,Derby School District,Race/Ethnicity,White,371,0.903,382,0.9132,414,0.9463,446,0.9451,May 2023,06/16/2023
0370011,Derby School District,High Needs,Students Without High Needs,453,0.9195,382,0.9351,449,0.95,377,0.9597,May 2023,06/16/2023
0370011,Derby School District,High Needs,Students With High Needs,830,0.8963,828,0.8933,780,0.923,860,0.9372,May 2023,06/16/2023
0390011,Eastford School District,,All Students,138,0.9299,123,0.9406,127,0.9562,129,0.9554,May 2023,06/16/2023
0390011,Eastford School District,Free/Reduced Lunch,Free Meal Eligible,38,0.9278,33,0.9292,39,0.9306,46,0.9529,May 2023,06/16/2023
0390011,Eastford School District,Free/Reduced Lunch,Free/Reduced Price Meal Eligible,38,0.9278,33,0.9292,39,0.9306,46,0.9529,May 2023,06/16/2023
0390011,Eastford School District,Race/Ethnicity,White,112,0.9258,103,0.9397,101,0.9611,,,May 2023,06/16/2023
0390011,Eastford School District,High Needs,Students Without High Needs,88,0.9351,79,0.948,75,0.9676,66,0.9607,May 2023,06/16/2023
0390011,Eastford School District,High Needs,Students With High Needs,50,0.9209,44,0.9269,52,0.9396,63,0.9499,May 2023,06/16/2023
0400011,East Granby School District,,All Students,850,0.9362,839,0.9369,820,0.9324,827,0.958,May 2023,06/16/2023
0400011,East Granby School District,Students With Disabilities,Students With Disabilities,104,0.9139,122,0.9095,125,0.8976,119,0.9411,May 2023,06/16/2023
0400011,East Granby School District,Free/Reduced Lunch,Free Meal Eligible,133,0.92,182,0.904,129,0.9125,130,0.9421,May 2023,06/16/2023
0400011,East Granby School District,Free/Reduced Lunch,Free/Reduced Price Meal Eligible,133,0.92,182,0.904,129,0.9125,130,0.9421,May 2023,06/16/2023
0400011,East Granby School District,Race/Ethnicity,All other races,100,0.9461,98,0.943,86,0.9426,94,0.9591,May 2023,06/16/2023
0400011,East Granby School District,Race/Ethnicity,Black or African American,65,0.9145,68,0.9206,73,0.8958,68,0.9471,May 2023,06/16/2023
0400011,East Granby School District,Race/Ethnicity,Hispanic/Latino of any race,57,0.9331,57,0.8862,56,0.9241,54,0.9509,May 2023,06/16/2023
0400011,East Granby School District,Race/Ethnicity,White,628,0.9372,616,0.9425,605,0.9361,611,0.9596,May 2023,06/16/2023
0400011,East Granby School District,High Needs,Students Without High Needs,631,0.9416,574,0.9477,588,0.9424,598,0.9628,May 2023,06/16/2023
0400011,East Granby School District,High Needs,Students With High Needs,219,0.9207,265,0.9136,232,0.907,229,0.9454,May 2023,06/16/2023
0410011,East Haddam School District,,All Students,943,0.9431,950,0.9373,932,0.9678,961,0.9559,May 2023,06/16/2023
0410011,East Haddam School District,Students With Disabilities,Students With Disabilities,125,0.9332,133,0.9243,131,0.9552,115,0.9512,May 2023,06/16/2023
0410011,East Haddam School District,Free/Reduced Lunch,Free Meal Eligible,204,0.9312,209,0.9133,179,0.9455,197,0.9425,May 2023,06/16/2023
0410011,East Haddam School District,Free/Reduced Lunch,Reduced Price Meal Eligible,35,0.9319,30,0.8978,36,0.9571,46,0.9525,May 2023,06/16/2023
0410011,East Haddam School District,Free/Reduced Lunch,Free/Reduced Price Meal Eligible,239,0.9313,239,0.9113,215,0.9474,243,0.9444,May 2023,06/16/2023
0410011,East Haddam School District,Race/Ethnicity,Hispanic/Latino of any race,80,0.9331,68,0.9087,49,0.9617,,,May 2023,06/16/2023
0410011,East Haddam School District,Race/Ethnicity,White,818,0.9444,837,0.9393,842,0.9683,884,0.956,May 2023,06/16/2023
0410011,East Haddam School District,High Needs,Students Without High Needs,629,0.9468,635,0.9463,631,0.9744,647,0.9603,May 2023,06/16/2023
0410011,East Haddam School District,High Needs,Students With High Needs,314,0.9359,315,0.9189,301,0.9535,314,0.9469,May 2023,06/16/2023
0420011,East Hampton School District,,All Students,1702,0.9401,1713,0.9432,1759,0.9592,1794,0.9563,May 2023,06/16/2023
0420011,East Hampton School District,Students With Disabilities,Students With Disabilities,274,0.9243,283,0.9231,281,0.9393,259,0.9397,May 2023,06/16/2023
0420011,East Hampton School District,Free/Reduced Lunch,Free Meal Eligible,256,0.9099,234,0.9021,287,0.9218,286,0.935,May 2023,06/16/2023
0420011,East Hampton School District,Free/Reduced Lunch,Reduced Price Meal Eligible,73,0.9347,71,0.9336,68,0.9479,55,0.9527,May 2023,06/16/2023
0420011,East Hampton School District,Free/Reduced Lunch,Free/Reduced Price Meal Eligible,329,0.9152,305,0.9095,355,0.9269,341,0.938,May 2023,06/16/2023
0420011,East Hampton School District,Race/Ethnicity,Hispanic/Latino of any race,125,0.9375,119,0.9418,122,0.9543,114,0.9554,May 2023,06/16/2023
0420011,East Hampton School District,Race/Ethnicity,White,1475,0.9404,1493,0.9428,1543,0.9594,1591,0.9561,May 2023,06/16/2023
0420011,East Hampton School District,High Needs,Students Without High Needs,1193,0.9475,1224,0.952,1228,0.9695,1289,0.9625,May 2023,06/16/2023
0420011,East Hampton School District,High Needs,Students With High Needs,509,0.923,489,0.9208,531,0.9354,505,0.94,May 2023,06/16/2023
0430011,East Hartford School District,,All Students,6042,0.9182,6122,0.9169,6252,0.9166,6529,0.9377,May 2023,06/16/2023
0430011,East Hartford School District,Homelessness,Students Experiencing Homelessness,25,0.7714,49,0.7682,32,0.7522,44,0.8851,May 2023,06/16/2023
0430011,East Hartford School District,Students With Disabilities,Students With Disabilities,1278,0.8856,1343,0.8791,1346,0.8701,1369,0.9047,May 2023,06/16/2023
0430011,East Hartford School District,Free/Reduced Lunch,Free Meal Eligible,3335,0.9037,3607,0.8996,3512,0.8911,3679,0.9256,May 2023,06/16/2023
0430011,East Hartford School District,Free/Reduced Lunch,Reduced Price Meal Eligible,589,0.936,552,0.9349,477,0.9444,438,0.9502,May 2023,06/16/2023
0430011,East Hartford School District,Free/Reduced Lunch,Free/Reduced Price Meal Eligible,3924,0.9086,4159,0.9044,3989,0.8975,4117,0.9282,May 2023,06/16/2023
0430011,East Hartford School District,English Learners,English Learners,1014,0.9167,997,0.9056,952,0.8975,955,0.9303,May 2023,06/16/2023
0430011,East Hartford School District,Race/Ethnicity,All other races,474,0.9297,500,0.9326,526,0.939,587,0.9469,May 2023,06/16/2023
0430011,East Hartford School District,Race/Ethnicity,Black or African American,1819,0.9331,1837,0.9304,1890,0.9305,1964,0.9508,May 2023,06/16/2023
0430011,East Hartford School District,Race/Ethnicity,Hispanic/Latino of any race,3135,0.9083,3122,0.9063,3130,0.9003,3244,0.9285,May 2023,06/16/2023
0430011,East Hartford School District,Race/Ethnicity,White,614,0.9163,663,0.9173,706,0.9346,734,0.9352,May 2023,06/16/2023
0430011,East Hartford School District,High Needs,Students Without High Needs,1534,0.9438,1415,0.9515,1678,0.9603,1806,0.9586,May 2023,06/16/2023
0430011,East Hartford School District,High Needs,Students With High Needs,4508,0.91,4707,0.9062,4574,0.9003,4723,0.9294,May 2023,06/16/2023
0440011,East Haven School District,,All Students,2686,0.9193,2661,0.922,2650,0.9286,2642,0.9536,May 2023,06/16/2023
0440011,East Haven School District,Students With Disabilities,Students With Disabilities,463,0.9111,455,0.9063,431,0.9137,412,0.9443,May 2023,06/16/2023
0440011,East Haven School District,Free/Reduced Lunch,Free Meal Eligible,1118,0.9024,1177,0.9016,1196,0.9032,1019,0.9439,May 2023,06/16/2023
0440011,East Haven School District,Free/Reduced Lunch,Reduced Price Meal Eligible,248,0.915,196,0.92,186,0.9279,187,0.95,May 2023,06/16/2023
0440011,East Haven School District,Free/Reduced Lunch,Free/Reduced Price Meal Eligible,1366,0.9046,1373,0.9042,1382,0.9065,1206,0.9449,May 2023,06/16/2023
0440011,East Haven School District,English Learners,English Learners,334,0.9327,314,0.9376,279,0.9219,268,0.9633,May 2023,06/16/2023
0440011,East Haven School District,Race/Ethnicity,All other races,183,0.9368,172,0.9397,176,0.9453,180,0.9647,May 2023,06/16/2023
0440011,East Haven School District,Race/Ethnicity,Black or African American,155,0.9287,150,0.9274,143,0.9137,145,0.9462,May 2023,06/16/2023
0440011,East Haven School District,Race/Ethnicity,Hispanic/Latino of any race,1080,0.9147,995,0.9157,877,0.9173,801,0.9566,May 2023,06/16/2023
0440011,East Haven School District,Race/Ethnicity,White,1268,0.9195,1344,0.9237,1454,0.9346,1516,0.9514,May 2023,06/16/2023
0440011,East Haven School District,High Needs,Students Without High Needs,1000,0.9348,982,0.943,981,0.9575,1132,0.9617,May 2023,06/16/2023
0440011,East Haven School District,High Needs,Students With High Needs,1686,0.9104,1679,0.9095,1669,0.9112,1510,0.9475,May 2023,06/16/2023
0450011,East Lyme School District,,All Students,2558,0.9441,2600,0.9502,2556,0.9541,2637,0.9592,May 2023,06/16/2023
0450011,East Lyme School District,Students With Disabilities,Students With Disabilities,463,0.9298,479,0.9381,437,0.933,414,0.9469,May 2023,06/16/2023
0450011,East Lyme School District,Free/Reduced Lunch,Free Meal Eligible,456,0.9265,489,0.9353,439,0.9232,487,0.9431,May 2023,06/16/2023
0450011,East Lyme School District,Free/Reduced Lunch,Reduced Price Meal Eligible,126,0.9428,102,0.9362,106,0.9505,98,0.9547,May 2023,06/16/2023
0450011,East Lyme School District,Free/Reduced Lunch,Free/Reduced Price Meal Eligible,582,0.93,591,0.9354,545,0.9285,585,0.9451,May 2023,06/16/2023
0450011,East Lyme School District,English Learners,English Learners,95,0.9401,91,0.9481,63,0.959,51,0.9578,May 2023,06/16/2023
0450011,East Lyme School District,Race/Ethnicity,All other races,411,0.9496,410,0.9588,392,0.9617,389,0.9634,May 2023,06/16/2023
0450011,East Lyme School District,Race/Ethnicity,Black or African American,47,0.9521,40,0.9475,37,0.9465,43,0.9626,May 2023,06/16/2023
0450011,East Lyme School District,Race/Ethnicity,Hispanic/Latino of any race,242,0.9274,247,0.9357,210,0.9254,203,0.9507,May 2023,06/16/2023
0450011,East Lyme School District,Race/Ethnicity,White,1858,0.9449,1903,0.9502,1917,0.9558,2002,0.9592,May 2023,06/16/2023
0450011,East Lyme School District,High Needs,Students Without High Needs,1632,0.9506,1655,0.9566,1683,0.9643,1760,0.9651,May 2023,06/16/2023
0450011,East Lyme School District,High Needs,Students With High Needs,926,0.9327,945,0.9386,873,0.9343,877,0.9474,May 2023,06/16/2023
0460011,Easton School District,,All Students,886,0.9474,875,0.9517,861,0.9706,864,0.9569,May 2023,06/16/2023
0460011,Easton School District,Students With Disabilities,Students With Disabilities,107,0.9414,118,0.9429,107,0.959,118,0.9485,May 2023,06/16/2023
0460011,Easton School District,Free/Reduced Lunch,Free/Reduced Price Meal Eligible,72,0.9316,91,0.9417,98,0.957,97,0.9537,May 2023,06/16/2023
0460011,Easton School District,English Learners,English Learners,24,0.9419,27,0.9546,26,0.9782,,,May 2023,06/16/2023
0460011,Easton School District,Race/Ethnicity,All other races,106,0.952,102,0.9531,90,0.976,75,0.9599,May 2023,06/16/2023
0460011,Easton School District,Race/Ethnicity,Black or African American,25,0.9563,27,0.9605,23,0.9778,20,0.9627,May 2023,06/16/2023
0460011,Easton School District,Race/Ethnicity,Hispanic/Latino of any race,71,0.9497,67,0.9535,65,0.954,64,0.9501,May 2023,06/16/2023
0460011,Easton School District,Race/Ethnicity,White,684,0.9461,679,0.951,683,0.9712,705,0.957,May 2023,06/16/2023
0460011,Easton School District,High Needs,Students Without High Needs,711,0.9497,676,0.9538,669,0.9735,661,0.9585,May 2023,06/16/2023
0460011,Easton School District,High Needs,Students With High Needs,175,0.9383,199,0.9447,192,0.9605,203,0.9516,May 2023,06/16/2023
0470011,East Windsor School District,,All Students,960,0.9235,971,0.9038,989,0.8864,1029,0.9415,May 2023,06/16/2023
0470011,East Windsor School District,Students With Disabilities,Students With Disabilities,193,0.9066,208,0.8938,220,0.8536,202,0.9272,May 2023,06/16/2023
0470011,East Windsor School District,Free/Reduced Lunch,Free Meal Eligible,433,0.9058,410,0.8802,408,0.846,494,0.9336,May 2023,06/16/2023
0470011,East Windsor School District,Free/Reduced Lunch,Reduced Price Meal Eligible,77,0.9271,100,0.9013,60,0.9024,71,0.9526,May 2023,06/16/2023
0470011,East Windsor School District,Free/Reduced Lunch,Free/Reduced Price Meal Eligible,510,0.9091,510,0.8844,468,0.8532,565,0.936,May 2023,06/16/2023
0470011,East Windsor School District,English Learners,English Learners,63,0.9284,71,0.8955,70,0.8782,71,0.9161,May 2023,06/16/2023
0470011,East Windsor School District,Race/Ethnicity,All other races,115,0.9367,109,0.9102,107,0.9065,102,0.9366,May 2023,06/16/2023
0470011,East Windsor School District,Race/Ethnicity,Black or African American,139,0.911,143,0.8899,128,0.8571,127,0.9348,May 2023,06/16/2023
0470011,East Windsor School District,Race/Ethnicity,Hispanic/Latino of any race,233,0.9109,238,0.8861,228,0.8455,230,0.9364,May 2023,06/16/2023
0470011,East Windsor School District,Race/Ethnicity,White,473,0.9303,481,0.9149,526,0.9067,570,0.9459,May 2023,06/16/2023
0470011,East Windsor School District,High Needs,Students Without High Needs,357,0.9448,356,0.9295,406,0.929,377,0.9572,May 2023,06/16/2023
0470011,East Windsor School District,High Needs,Students With High Needs,603,0.9113,615,0.8891,583,0.8569,652,0.9322,May 2023,06/16/2023
0480011,Ellington School District,,All Students,2510,0.9417,2548,0.9445,2544,0.9542,2609,0.9551,May 2023,06/16/2023
0480011,Ellington School District,Students With Disabilities,Students With Disabilities,370,0.9212,390,0.9222,369,0.9281,364,0.9314,May 2023,06/16/2023
0480011,Ellington School District,Free/Reduced Lunch,Free Meal Eligible,370,0.9152,363,0.9162,347,0.9233,393,0.9353,May 2023,06/16/2023
0480011,Ellington School District,Free/Reduced Lunch,Reduced Price Meal Eligible,89,0.938,58,0.9411,58,0.9314,66,0.9408,May 2023,06/16/2023
0480011,Ellington School District,Free/Reduced Lunch,Free/Reduced Price Meal Eligible,459,0.9196,421,0.9197,405,0.9244,459,0.9361,May 2023,06/16/2023
0480011,Ellington School District,English Learners,English Learners,46,0.9376,43,0.9309,42,0.9542,48,0.9479,May 2023,06/16/2023
0480011,Ellington School District,Race/Ethnicity,All other races,379,0.9439,383,0.9443,387,0.9703,374,0.9528,May 2023,06/16/2023
0480011,Ellington School District,Race/Ethnicity,Black or African American,106,0.9169,102,0.9257,98,0.9323,105,0.9459,May 2023,06/16/2023
0480011,Ellington School District,Race/Ethnicity,Hispanic/Latino of any race,198,0.9257,183,0.9276,159,0.9378,143,0.9377,May 2023,06/16/2023
0480011,Ellington School District,Race/Ethnicity,White,1827,0.9443,1880,0.9472,1900,0.9535,1987,0.9573,May 2023,06/16/2023
0480011,Ellington School District,High Needs,Students Without High Needs,1767,0.9492,1833,0.9518,1854,0.9628,1882,0.9617,May 2023,06/16/2023
0480011,Ellington School District,High Needs,Students With High Needs,743,0.9239,715,0.9255,690,0.9312,727,0.9376,May 2023,06/16/2023
0490011,Enfield School District,,All Students,4647,0.9226,4654,0.9257,4723,0.9592,4778,0.9445,May 2023,06/16/2023
0490011,Enfield School District,Students With Disabilities,Students With Disabilities,827,0.9074,848,0.905,838,0.9309,819,0.9245,May 2023,06/16/2023
0490011,Enfield School District,Free/Reduced Lunch,Free Meal Eligible,1739,0.9035,1757,0.9063,1850,0.9334,1950,0.9301,May 2023,06/16/2023
0490011,Enfield School District,Free/Reduced Lunch,Reduced Price Meal Eligible,323,0.9226,279,0.9172,298,0.9602,291,0.9436,May 2023,06/16/2023
0490011,Enfield School District,Free/Reduced Lunch,Free/Reduced Price Meal Eligible,2062,0.9065,2036,0.9078,2148,0.9371,2241,0.9319,May 2023,06/16/2023
0490011,Enfield School District,English Learners,English Learners,144,0.9094,168,0.9025,155,0.9113,129,0.9359,May 2023,06/16/2023
0490011,Enfield School District,Race/Ethnicity,All other races,389,0.9202,390,0.9297,402,0.9576,383,0.9446,May 2023,06/16/2023
0490011,Enfield School District,Race/Ethnicity,Black or African American,305,0.899,303,0.9041,326,0.9173,329,0.9347,May 2023,06/16/2023
0490011,Enfield School District,Race/Ethnicity,Hispanic/Latino of any race,992,0.9114,946,0.9066,866,0.937,816,0.9329,May 2023,06/16/2023
0490011,Enfield School District,Race/Ethnicity,White,2961,0.9292,3015,0.9331,3129,0.9697,3250,0.9482,May 2023,06/16/2023
0490011,Enfield School District,High Needs,Students Without High Needs,2215,0.937,2230,0.9411,2219,0.9806,2218,0.9572,May 2023,06/16/2023
0490011,Enfield School District,High Needs,Students With High Needs,2432,0.9098,2424,0.9113,2504,0.94,2560,0.9332,May 2023,06/16/2023
0500011,Essex School District,,All Students,266,0.9364,271,0.951,283,0.9743,295,0.9635,May 2023,06/16/2023
0500011,Essex School District,Students With Disabilities,Students With Disabilities,48,0.9429,50,0.9583,43,0.9811,49,0.9673,May 2023,06/16/2023
0500011,Essex School District,Free/Reduced Lunch,Free/Reduced Price Meal Eligible,59,0.9318,61,0.9452,57,0.9655,60,0.9666,May 2023,06/16/2023
0500011,Essex School District,Race/Ethnicity,Hispanic/Latino of any race,23,0.9449,23,0.9545,20,0.9761,21,0.9736,May 2023,06/16/2023
0500011,Essex School District,Race/Ethnicity,White,229,0.9358,232,0.9513,244,0.9742,252,0.962,May 2023,06/16/2023
0500011,Essex School District,High Needs,Students Without High Needs,172,0.9373,171,0.9515,192,0.9756,197,0.9624,May 2023,06/16/2023
0500011,Essex School District,High Needs,Students With High Needs,94,0.9347,100,0.9501,91,0.9717,98,0.9659,May 2023,06/16/2023
0510011,Fairfield School District,,All Students,9279,0.9386,9227,0.9403,9267,0.9397,9530,0.9545,May 2023,06/16/2023
0510011,Fairfield School District,Students With Disabilities,Students With Disabilities,1536,0.9233,1622,0.9196,1485,0.9101,1416,0.9445,May 2023,06/16/2023
0510011,Fairfield School District,Free/Reduced Lunch,Free Meal Eligible,1241,0.9197,1131,0.9157,1089,0.8954,1239,0.9438,May 2023,06/16/2023
0510011,Fairfield School District,Free/Reduced Lunch,Reduced Price Meal Eligible,372,0.9356,272,0.9433,265,0.9256,272,0.9535,May 2023,06/16/2023
0510011,Fairfield School District,Free/Reduced Lunch,Free/Reduced Price Meal Eligible,1613,0.9234,1403,0.9211,1354,0.9014,1511,0.9456,May 2023,06/16/2023
0510011,Fairfield School District,English Learners,English Learners,272,0.9315,241,0.9157,230,0.9047,259,0.9485,May 2023,06/16/2023
0510011,Fairfield School District,Race/Ethnicity,All other races,1041,0.9425,1044,0.9469,1019,0.9494,1024,0.9594,May 2023,06/16/2023
0510011,Fairfield School District,Race/Ethnicity,Black or African American,286,0.9403,256,0.9398,250,0.9054,240,0.9577,May 2023,06/16/2023
0510011,Fairfield School District,Race/Ethnicity,Hispanic/Latino of any race,1225,0.929,1159,0.9287,1099,0.9172,1107,0.9491,May 2023,06/16/2023
0510011,Fairfield School District,Race/Ethnicity,White,6727,0.9397,6768,0.9412,6899,0.943,7159,0.9545,May 2023,06/16/2023
0510011,Fairfield School District,High Needs,Students Without High Needs,6451,0.9438,6498,0.947,6680,0.9502,6871,0.9577,May 2023,06/16/2023
0510011,Fairfield School District,High Needs,Students With High Needs,2828,0.9268,2729,0.924,2587,0.9122,2659,0.9462,May 2023,06/16/2023
0520011,Farmington School District,,All Students,4085,0.9472,4070,0.9459,4014,0.9625,4067,0.9604,May 2023,06/16/2023
0520011,Farmington School District,Students With Disabilities,Students With Disabilities,499,0.928,515,0.9173,489,0.9223,472,0.9383,May 2023,06/16/2023
0520011,Farmington School District,Free/Reduced Lunch,Free Meal Eligible,527,0.9243,590,0.9134,569,0.9178,598,0.9403,May 2023,06/16/2023
0520011,Farmington School District,Free/Reduced Lunch,Reduced Price Meal Eligible,142,0.947,133,0.94,133,0.958,122,0.9585,May 2023,06/16/2023
0520011,Farmington School District,Free/Reduced Lunch,Free/Reduced Price Meal Eligible,669,0.9291,723,0.9183,702,0.9255,720,0.9435,May 2023,06/16/2023
0520011,Farmington School District,English Learners,English Learners,193,0.9454,195,0.938,183,0.9643,188,0.9588,May 2023,06/16/2023
0520011,Farmington School District,Race/Ethnicity,All other races,1260,0.9569,1202,0.9564,1117,0.9754,1100,0.9652,May 2023,06/16/2023
0520011,Farmington School District,Race/Ethnicity,Black or African American,190,0.9425,196,0.9326,202,0.9338,192,0.9478,May 2023,06/16/2023
0520011,Farmington School District,Race/Ethnicity,Hispanic/Latino of any race,462,0.9326,445,0.9252,387,0.9343,356,0.9501,May 2023,06/16/2023
0520011,Farmington School District,Race/Ethnicity,White,2173,0.945,2227,0.9455,2308,0.9635,2419,0.9608,May 2023,06/16/2023
0520011,Farmington School District,High Needs,Students Without High Needs,2951,0.9521,2872,0.9543,2864,0.9731,2915,0.9659,May 2023,06/16/2023
0520011,Farmington School District,High Needs,Students With High Needs,1134,0.9344,1198,0.9251,1150,0.936,1152,0.9463,May 2023,06/16/2023
0530011,Franklin School District,,All Students,167,0.945,157,0.94,156,0.9699,142,0.9606,May 2023,06/16/2023
0530011,Franklin School District,Free/Reduced Lunch,Free/Reduced Price Meal Eligible,24,0.9409,28,0.925,37,0.9606,33,0.9493,May 2023,06/16/2023
0530011,Franklin School District,Race/Ethnicity,White,132,0.9471,120,0.9401,125,0.9698,117,0.9594,May 2023,06/16/2023
0530011,Franklin School District,High Needs,Students Without High Needs,132,0.948,117,0.9455,113,0.9745,105,0.9654,May 2023,06/16/2023
0530011,Franklin School District,High Needs,Students With High Needs,35,0.9338,40,0.9242,43,0.9563,37,0.9466,May 2023,06/16/2023
0540011,Glastonbury School District,,All Students,5632,0.9503,5629,0.9532,5723,0.9742,5763,0.9629,May 2023,06/16/2023
0540011,Glastonbury School District,Students With Disabilities,Students With Disabilities,615,0.9278,627,0.9265,647,0.9525,646,0.9441,May 2023,06/16/2023
0540011,Glastonbury School District,Free/Reduced Lunch,Free Meal Eligible,578,0.9213,334,0.9257,633,0.9482,658,0.9456,May 2023,06/16/2023
0540011,Glastonbury School District,Free/Reduced Lunch,Reduced Price Meal Eligible,154,0.942,105,0.9369,115,0.9493,119,0.9463,May 2023,06/16/2023
0540011,Glastonbury School District,Free/Reduced Lunch,Free/Reduced Price Meal Eligible,732,0.9257,439,0.9284,748,0.9483,777,0.9457,May 2023,06/16/2023
0540011,Glastonbury School District,English Learners,English Learners,173,0.9379,159,0.9463,150,0.9683,151,0.9492,May 2023,06/16/2023
0540011,Glastonbury School District,Race/Ethnicity,All other races,1142,0.9538,1066,0.9624,1042,0.9838,1013,0.9671,May 2023,06/16/2023
0540011,Glastonbury School District,Race/Ethnicity,Black or African American,184,0.944,180,0.9415,182,0.967,182,0.9625,May 2023,06/16/2023
0540011,Glastonbury School District,Race/Ethnicity,Hispanic/Latino of any race,670,0.94,643,0.94,643,0.9597,617,0.9521,May 2023,06/16/2023
0540011,Glastonbury School District,Race/Ethnicity,White,3636,0.9514,3740,0.9534,3856,0.9744,3951,0.9634,May 2023,06/16/2023
0540011,Glastonbury School District,High Needs,Students Without High Needs,4362,0.9564,4557,0.9582,4432,0.9797,4453,0.9673,May 2023,06/16/2023
0540011,Glastonbury School District,High Needs,Students With High Needs,1270,0.9296,1072,0.9315,1291,0.9552,1310,0.9477,May 2023,06/16/2023
0560011,Granby School District,,All Students,1697,0.9436,1727,0.9469,1719,0.9684,1744,0.9609,May 2023,06/16/2023
0560011,Granby School District,Students With Disabilities,Students With Disabilities,244,0.9266,268,0.9242,271,0.9527,252,0.9462,May 2023,06/16/2023
0560011,Granby School District,Free/Reduced Lunch,Free Meal Eligible,200,0.9205,216,0.9166,216,0.933,187,0.9404,May 2023,06/16/2023
0560011,Granby School District,Free/Reduced Lunch,Reduced Price Meal Eligible,56,0.9195,35,0.9473,32,0.9626,31,0.954,May 2023,06/16/2023
0560011,Granby School District,Free/Reduced Lunch,Free/Reduced Price Meal Eligible,256,0.9203,251,0.9208,248,0.9367,218,0.9423,May 2023,06/16/2023
0560011,Granby School District,Race/Ethnicity,All other races,93,0.9384,94,0.9403,88,0.9671,97,0.9547,May 2023,06/16/2023
0560011,Granby School District,Race/Ethnicity,Black or African American,109,0.9381,105,0.9288,104,0.9336,96,0.9505,May 2023,06/16/2023
0560011,Granby School District,Race/Ethnicity,Hispanic/Latino of any race,95,0.9367,81,0.9411,82,0.9613,68,0.9576,May 2023,06/16/2023
0560011,Granby School District,Race/Ethnicity,White,1400,0.9448,1447,0.9489,1445,0.9713,1483,0.9621,May 2023,06/16/2023
0560011,Granby School District,High Needs,Students Without High Needs,1252,0.9494,1270,0.9538,1270,0.9748,1329,0.9658,May 2023,06/16/2023
0560011,Granby School District,High Needs,Students With High Needs,445,0.9277,457,0.9275,449,0.9499,415,0.9451,May 2023,06/16/2023
0570011,Greenwich School District,,All Students,8396,0.9432,8467,0.9403,8633,0.9647,8852,0.9996,May 2023,06/16/2023
0570011,Greenwich School District,Students With Disabilities,Students With Disabilities,1177,0.9304,1253,0.9248,1167,0.9433,1107,0.9993,May 2023,06/16/2023
0570011,Greenwich School District,Free/Reduced Lunch,Free Meal Eligible,1188,0.9268,1196,0.9213,1435,0.9451,1370,0.9988,May 2023,06/16/2023
0570011,Greenwich School District,Free/Reduced Lunch,Reduced Price Meal Eligible,313,0.9457,323,0.9382,66,0.967,455,1,May 2023,06/16/2023
0570011,Greenwich School District,Free/Reduced Lunch,Free/Reduced Price Meal Eligible,1501,0.9307,1519,0.9249,1501,0.946,1825,0.9991,May 2023,06/16/2023
0570011,Greenwich School District,English Learners,English Learners,388,0.9311,399,0.9289,370,0.9547,904,0.9994,May 2023,06/16/2023
0570011,Greenwich School District,Race/Ethnicity,All other races,1244,0.9524,1248,0.9488,1246,0.977,1224,0.9998,May 2023,06/16/2023
0570011,Greenwich School District,Race/Ethnicity,Black or African American,177,0.9512,187,0.9392,203,0.9616,221,0.9989,May 2023,06/16/2023
0570011,Greenwich School District,Race/Ethnicity,Hispanic/Latino of any race,1922,0.9321,1920,0.9288,1925,0.9524,1973,0.9991,May 2023,06/16/2023
0570011,Greenwich School District,Race/Ethnicity,White,5053,0.9448,5112,0.9425,5259,0.9664,5434,0.9998,May 2023,06/16/2023
0570011,Greenwich School District,High Needs,Students Without High Needs,5887,0.9479,5857,0.9457,6104,0.9716,5849,0.9998,May 2023,06/16/2023
0570011,Greenwich School District,High Needs,Students With High Needs,2509,0.9323,2610,0.928,2529,0.9481,3003,0.9994,May 2023,06/16/2023
0580011,Griswold School District,,All Students,1670,0.9134,1639,0.928,1653,0.9422,1683,0.946,May 2023,06/16/2023
0580011,Griswold School District,Students With Disabilities,Students With Disabilities,327,0.8777,323,0.8979,311,0.8933,295,0.9131,May 2023,06/16/2023
0580011,Griswold School District,Free/Reduced Lunch,Free Meal Eligible,674,0.89,680,0.9103,624,0.9077,678,0.9305,May 2023,06/16/2023
0580011,Griswold School District,Free/Reduced Lunch,Reduced Price Meal Eligible,140,0.914,124,0.9246,128,0.953,142,0.9411,May 2023,06/16/2023
0580011,Griswold School District,Free/Reduced Lunch,Free/Reduced Price Meal Eligible,814,0.8942,804,0.9126,752,0.9153,820,0.9324,May 2023,06/16/2023
0580011,Griswold School District,English Learners,English Learners,23,0.8985,24,0.8796,26,0.9424,22,0.9481,May 2023,06/16/2023
0580011,Griswold School District,Race/Ethnicity,All other races,152,0.9108,167,0.918,167,0.9385,178,0.9373,May 2023,06/16/2023
0580011,Griswold School District,Race/Ethnicity,Black or African American,46,0.9189,42,0.9196,37,0.9054,42,0.9438,May 2023,06/16/2023
0580011,Griswold School District,Race/Ethnicity,Hispanic/Latino of any race,228,0.8918,209,0.916,172,0.9372,159,0.9408,May 2023,06/16/2023
0580011,Griswold School District,Race/Ethnicity,White,1244,0.9174,1221,0.9315,1277,0.9444,1304,0.9479,May 2023,06/16/2023
0580011,Griswold School District,High Needs,Students Without High Needs,726,0.9358,714,0.9452,775,0.9705,752,0.9622,May 2023,06/16/2023
0580011,Griswold School District,High Needs,Students With High Needs,944,0.8964,925,0.9144,878,0.9169,931,0.9329,May 2023,06/16/2023
0590011,Groton School District,,All Students,3842,0.9206,3837,0.9163,3798,0.8712,4009,0.9445,May 2023,06/16/2023
0590011,Groton School District,Students With Disabilities,Students With Disabilities,676,0.9044,669,0.894,701,0.8323,713,0.9239,May 2023,06/16/2023
0590011,Groton School District,Free/Reduced Lunch,Free Meal Eligible,1333,0.9001,1325,0.8909,1504,0.8105,1521,0.9304,May 2023,06/16/2023
0590011,Groton School District,Free/Reduced Lunch,Reduced Price Meal Eligible,357,0.922,364,0.9199,441,0.8764,411,0.9425,May 2023,06/16/2023
0590011,Groton School District,Free/Reduced Lunch,Free/Reduced Price Meal Eligible,1690,0.9048,1689,0.8972,1945,0.8255,1932,0.933,May 2023,06/16/2023
0590011,Groton School District,English Learners,English Learners,148,0.9241,174,0.9146,150,0.8437,168,0.9326,May 2023,06/16/2023
0590011,Groton School District,Race/Ethnicity,All other races,769,0.9177,748,0.9152,708,0.8757,691,0.9451,May 2023,06/16/2023
0590011,Groton School District,Race/Ethnicity,Black or African American,292,0.9178,265,0.9084,285,0.8254,322,0.9432,May 2023,06/16/2023
0590011,Groton School District,Race/Ethnicity,Hispanic/Latino of any race,973,0.9092,937,0.9037,891,0.8197,906,0.9357,May 2023,06/16/2023
0590011,Groton School District,Race/Ethnicity,White,1808,0.9281,1887,0.924,1914,0.9,2090,0.9483,May 2023,06/16/2023
0590011,Groton School District,High Needs,Students Without High Needs,1824,0.9352,1812,0.9346,1570,0.9221,1773,0.9571,May 2023,06/16/2023
0590011,Groton School District,High Needs,Students With High Needs,2018,0.9078,2025,0.9002,2228,0.8359,2236,0.9343,May 2023,06/16/2023
0600011,Guilford School District,,All Students,3116,0.9422,3109,0.9435,3098,0.982,3232,0.9576,May 2023,06/16/2023
0600011,Guilford School District,Students With Disabilities,Students With Disabilities,396,0.9262,429,0.9251,401,0.9679,383,0.945,May 2023,06/16/2023
0600011,Guilford School District,Free/Reduced Lunch,Free Meal Eligible,271,0.9271,301,0.92,242,0.9694,330,0.9425,May 2023,06/16/2023
0600011,Guilford School District,Free/Reduced Lunch,Reduced Price Meal Eligible,96,0.9298,109,0.9214,73,0.9641,96,0.9513,May 2023,06/16/2023
0600011,Guilford School District,Free/Reduced Lunch,Free/Reduced Price Meal Eligible,367,0.9278,410,0.9204,315,0.9682,426,0.9445,May 2023,06/16/2023
0600011,Guilford School District,English Learners,English Learners,47,0.9308,49,0.9496,62,0.983,69,0.9554,May 2023,06/16/2023
0600011,Guilford School District,Race/Ethnicity,All other races,328,0.9539,322,0.9531,294,0.9882,281,0.9632,May 2023,06/16/2023
0600011,Guilford School District,Race/Ethnicity,Black or African American,38,0.951,37,0.9417,39,0.9865,34,0.9531,May 2023,06/16/2023
0600011,Guilford School District,Race/Ethnicity,Hispanic/Latino of any race,288,0.9375,259,0.9353,250,0.9787,245,0.9488,May 2023,06/16/2023
0600011,Guilford School District,Race/Ethnicity,White,2462,0.9411,2491,0.9431,2515,0.9815,2672,0.9578,May 2023,06/16/2023
0600011,Guilford School District,High Needs,Students Without High Needs,2412,0.9466,2343,0.9489,2416,0.9851,2466,0.9607,May 2023,06/16/2023
0600011,Guilford School District,High Needs,Students With High Needs,704,0.9276,766,0.9268,682,0.9707,766,0.9472,May 2023,06/16/2023
0620011,Hamden School District,,All Students,5329,0.9066,5390,0.898,5267,0.8857,5339,0.9429,May 2023,06/16/2023
0620011,Hamden School District,Homelessness,Students Experiencing Homelessness,27,0.876,36,0.8099,26,0.7355,,,May 2023,06/16/2023
0620011,Hamden School District,Students With Disabilities,Students With Disabilities,921,0.8793,976,0.8672,984,0.8245,967,0.9221,May 2023,06/16/2023
0620011,Hamden School District,Free/Reduced Lunch,Free Meal Eligible,1814,0.8883,2030,0.8747,1600,0.8374,2185,0.9285,May 2023,06/16/2023
0620011,Hamden School District,Free/Reduced Lunch,Reduced Price Meal Eligible,376,0.9176,376,0.9061,278,0.8972,364,0.9516,May 2023,06/16/2023
0620011,Hamden School District,Free/Reduced Lunch,Free/Reduced Price Meal Eligible,2190,0.8933,2406,0.8796,1878,0.8464,2549,0.9319,May 2023,06/16/2023
0620011,Hamden School District,English Learners,English Learners,367,0.9197,384,0.9078,328,0.8821,368,0.9409,May 2023,06/16/2023
0620011,Hamden School District,Race/Ethnicity,All other races,728,0.9209,684,0.9185,678,0.9179,699,0.9539,May 2023,06/16/2023
0620011,Hamden School District,Race/Ethnicity,Black or African American,1693,0.9019,1719,0.8887,1641,0.8553,1650,0.9418,May 2023,06/16/2023
0620011,Hamden School District,Race/Ethnicity,Hispanic/Latino of any race,1428,0.8993,1359,0.8855,1231,0.8618,1174,0.9325,May 2023,06/16/2023
0620011,Hamden School District,Race/Ethnicity,White,1480,0.912,1628,0.9095,1717,0.9186,1816,0.9462,May 2023,06/16/2023
0620011,Hamden School District,High Needs,Students Without High Needs,2541,0.9201,2423,0.9178,2708,0.9193,2293,0.9558,May 2023,06/16/2023
0620011,Hamden School District,High Needs,Students With High Needs,2788,0.8946,2967,0.8815,2559,0.8496,3046,0.9329,May 2023,06/16/2023
0630011,Hampton School District,,All Students,60,0.9323,63,0.9155,58,0.9479,76,0.9535,May 2023,06/16/2023
0630011,Hampton School District,Free/Reduced Lunch,Free/Reduced Price Meal Eligible,23,0.9165,22,0.8889,,,31,0.942,May 2023,06/16/2023
0630011,Hampton School District,Race/Ethnicity,White,51,0.9371,55,0.9123,53,0.9452,68,0.9511,May 2023,06/16/2023
0630011,Hampton School District,High Needs,Students Without High Needs,27,0.9519,28,0.9286,28,0.9607,34,0.9637,May 2023,06/16/2023
0630011,Hampton School District,High Needs,Students With High Needs,33,0.9174,35,0.9047,30,0.9362,42,0.9449,May 2023,06/16/2023
0640011,Hartford School District,,All Students,15448,0.8734,15790,0.8652,16371,0.8373,17344,0.9082,May 2023,06/16/2023
0640011,Hartford School District,Homelessness,Students Experiencing Homelessness,153,0.8021,331,0.7827,215,0.727,437,0.8454,May 2023,06/16/2023
0640011,Hartford School District,Students With Disabilities,Students With Disabilities,2993,0.8374,3354,0.8282,3452,0.7851,3614,0.8701,May 2023,06/16/2023
0640011,Hartford School District,Free/Reduced Lunch,Free Meal Eligible,11580,0.8612,12541,0.8514,13250,0.8168,14146,0.8994,May 2023,06/16/2023
0640011,Hartford School District,Free/Reduced Lunch,Reduced Price Meal Eligible,422,0.9257,413,0.9215,397,0.9108,415,0.9463,May 2023,06/16/2023
0640011,Hartford School District,Free/Reduced Lunch,Free/Reduced Price Meal Eligible,12002,0.8635,12954,0.8536,13647,0.8196,14561,0.9008,May 2023,06/16/2023
0640011,Hartford School District,English Learners,English Learners,3701,0.8713,3930,0.8585,3807,0.8094,4054,0.9003,May 2023,06/16/2023
0640011,Hartford School District,Race/Ethnicity,All other races,967,0.9034,989,0.9018,1065,0.9142,1023,0.9309,May 2023,06/16/2023
0640011,Hartford School District,Race/Ethnicity,Black or African American,4490,0.887,4705,0.8779,4874,0.8453,5203,0.9152,May 2023,06/16/2023
0640011,Hartford School District,Race/Ethnicity,Hispanic/Latino of any race,8957,0.8596,8962,0.8485,9203,0.8125,9633,0.8967,May 2023,06/16/2023
0640011,Hartford School District,Race/Ethnicity,White,1034,0.9055,1134,0.9108,1229,0.9218,1485,0.9407,May 2023,06/16/2023
0640011,Hartford School District,High Needs,Students Without High Needs,2496,0.9154,1904,0.9286,2007,0.9445,2075,0.953,May 2023,06/16/2023
0640011,Hartford School District,High Needs,Students With High Needs,12952,0.8665,13886,0.8564,14364,0.8223,15269,0.902,May 2023,06/16/2023
0650011,Hartland School District,,All Students,109,0.9547,129,0.9361,144,0.961,148,0.9545,May 2023,06/16/2023
0650011,Hartland School District,Students With Disabilities,Students With Disabilities,24,0.9508,32,0.9255,32,0.9492,31,0.9533,May 2023,06/16/2023
0650011,Hartland School District,Race/Ethnicity,White,92,0.9554,109,0.9354,123,0.962,128,0.9542,May 2023,06/16/2023
0650011,Hartland School District,High Needs,Students Without High Needs,76,0.9596,87,0.9397,94,0.9758,96,0.9587,May 2023,06/16/2023
0650011,Hartland School District,High Needs,Students With High Needs,33,0.9435,42,0.9287,50,0.9335,52,0.9469,May 2023,06/16/2023
0670011,Hebron School District,,All Students,630,0.9479,634,0.9531,599,0.971,593,0.9585,May 2023,06/16/2023
0670011,Hebron School District,Students With Disabilities,Students With Disabilities,73,0.9474,78,0.9508,74,0.9659,71,0.9494,May 2023,06/16/2023
0670011,Hebron School District,Free/Reduced Lunch,Free Meal Eligible,74,0.9393,82,0.9449,78,0.9602,,,May 2023,06/16/2023
0670011,Hebron School District,Free/Reduced Lunch,Reduced Price Meal Eligible,26,0.9447,28,0.9411,24,0.9618,,,May 2023,06/16/2023
0670011,Hebron School District,Free/Reduced Lunch,Free/Reduced Price Meal Eligible,100,0.9407,110,0.9439,102,0.9606,91,0.9488,May 2023,06/16/2023
0670011,Hebron School District,Race/Ethnicity,Hispanic/Latino of any race,33,0.9345,35,0.9328,30,0.9471,23,0.9554,May 2023,06/16/2023
0670011,Hebron School District,Race/Ethnicity,White,555,0.9482,561,0.9545,543,0.9722,544,0.9583,May 2023,06/16/2023
0670011,Hebron School District,High Needs,Students Without High Needs,476,0.9494,472,0.9552,446,0.9735,452,0.9606,May 2023,06/16/2023
0670011,Hebron School District,High Needs,Students With High Needs,154,0.9434,162,0.947,153,0.9638,141,0.9519,May 2023,06/16/2023
0680011,Kent School District,,All Students,178,0.9447,195,0.947,189,0.9664,190,0.9565,May 2023,06/16/2023
0680011,Kent School District,Students With Disabilities,Students With Disabilities,23,0.9342,21,0.9249,,,,,May 2023,06/16/2023
0680011,Kent School District,Free/Reduced Lunch,Free/Reduced Price Meal Eligible,41,0.9306,44,0.919,40,0.9479,45,0.9479,May 2023,06/16/2023
0680011,Kent School District,Race/Ethnicity,White,148,0.945,165,0.9476,156,0.9671,159,0.9552,May 2023,06/16/2023
0680011,Kent School District,High Needs,Students Without High Needs,122,0.9493,140,0.9561,138,0.9721,133,0.9593,May 2023,06/16/2023
0680011,Kent School District,High Needs,Students With High Needs,56,0.9348,55,0.9238,51,0.9509,57,0.9498,May 2023,06/16/2023
0690011,Killingly School District,,All Students,2300,0.9046,2244,0.9143,2235,0.8977,2317,0.9378,May 2023,06/16/2023
0690011,Killingly School District,Homelessness,Students Experiencing Homelessness,32,0.8942,41,0.8707,30,0.7592,33,0.8552,May 2023,06/16/2023
0690011,Killingly School District,Students With Disabilities,Students With Disabilities,439,0.884,441,0.8926,405,0.8559,383,0.9154,May 2023,06/16/2023
0690011,Killingly School District,Free/Reduced Lunch,Free Meal Eligible,930,0.8788,950,0.8885,908,0.8504,1031,0.9239,May 2023,06/16/2023
0690011,Killingly School District,Free/Reduced Lunch,Reduced Price Meal Eligible,171,0.9118,127,0.9234,158,0.9055,168,0.9388,May 2023,06/16/2023
0690011,Killingly School District,Free/Reduced Lunch,Free/Reduced Price Meal Eligible,1101,0.8838,1077,0.8927,1066,0.8587,1199,0.926,May 2023,06/16/2023
0690011,Killingly School District,English Learners,English Learners,54,0.9151,68,0.9141,66,0.8829,59,0.9393,May 2023,06/16/2023
0690011,Killingly School District,Race/Ethnicity,All other races,221,0.9077,214,0.9173,212,0.8846,213,0.9411,May 2023,06/16/2023
0690011,Killingly School District,Race/Ethnicity,Black or African American,47,0.9099,35,0.9252,37,0.8839,51,0.9298,May 2023,06/16/2023
0690011,Killingly School District,Race/Ethnicity,Hispanic/Latino of any race,264,0.8832,259,0.8918,220,0.8565,221,0.9245,May 2023,06/16/2023
0690011,Killingly School District,Race/Ethnicity,White,1768,0.9072,1736,0.9169,1766,0.9045,1832,0.9393,May 2023,06/16/2023
0690011,Killingly School District,High Needs,Students Without High Needs,1035,0.9273,996,0.9364,1009,0.9358,984,0.9528,May 2023,06/16/2023
0690011,Killingly School District,High Needs,Students With High Needs,1265,0.8866,1248,0.8963,1226,0.8659,1333,0.9266,May 2023,06/16/2023
0710011,Lebanon School District,,All Students,885,0.9306,883,0.9391,897,0.9595,934,0.9534,May 2023,06/16/2023
0710011,Lebanon School District,Students With Disabilities,Students With Disabilities,153,0.9197,152,0.9219,147,0.9303,166,0.9419,May 2023,06/16/2023
0710011,Lebanon School District,Free/Reduced Lunch,Free Meal Eligible,207,0.9123,221,0.9187,217,0.9381,230,0.9409,May 2023,06/16/2023
0710011,Lebanon School District,Free/Reduced Lunch,Reduced Price Meal Eligible,47,0.9197,46,0.9317,43,0.9552,60,0.9537,May 2023,06/16/2023
0710011,Lebanon School District,Free/Reduced Lunch,Free/Reduced Price Meal Eligible,254,0.9137,267,0.9209,260,0.9408,290,0.9436,May 2023,06/16/2023
0710011,Lebanon School District,Race/Ethnicity,Hispanic/Latino of any race,77,0.915,66,0.9414,61,0.951,52,0.9534,May 2023,06/16/2023
0710011,Lebanon School District,Race/Ethnicity,White,764,0.9318,772,0.9409,786,0.961,831,0.9531,May 2023,06/16/2023
0710011,Lebanon School District,High Needs,Students Without High Needs,546,0.9394,535,0.9489,550,0.9687,553,0.9588,May 2023,06/16/2023
0710011,Lebanon School District,High Needs,Students With High Needs,339,0.9165,348,0.9239,347,0.945,381,0.9455,May 2023,06/16/2023
0720011,Ledyard School District,,All Students,2319,0.9199,2364,0.9198,2289,0.9158,2341,0.9527,May 2023,06/16/2023
0720011,Ledyard School District,Students With Disabilities,Students With Disabilities,401,0.8968,416,0.896,415,0.8964,445,0.9464,May 2023,06/16/2023
0720011,Ledyard School District,Free/Reduced Lunch,Free Meal Eligible,434,0.8958,476,0.895,440,0.8765,527,0.9404,May 2023,06/16/2023
0720011,Ledyard School District,Free/Reduced Lunch,Reduced Price Meal Eligible,109,0.9067,134,0.8929,123,0.9054,177,0.9507,May 2023,06/16/2023
0720011,Ledyard School District,Free/Reduced Lunch,Free/Reduced Price Meal Eligible,543,0.898,610,0.8945,563,0.8829,704,0.9431,May 2023,06/16/2023
0720011,Ledyard School District,English Learners,English Learners,35,0.9292,43,0.9176,37,0.9093,37,0.9543,May 2023,06/16/2023
0720011,Ledyard School District,Race/Ethnicity,All other races,305,0.9094,302,0.9063,286,0.8867,279,0.9486,May 2023,06/16/2023
0720011,Ledyard School District,Race/Ethnicity,Black or African American,98,0.908,107,0.8986,110,0.9136,125,0.9511,May 2023,06/16/2023
0720011,Ledyard School District,Race/Ethnicity,Hispanic/Latino of any race,282,0.9068,273,0.9084,248,0.902,261,0.9502,May 2023,06/16/2023
0720011,Ledyard School District,Race/Ethnicity,White,1634,0.9248,1682,0.9254,1645,0.9229,1676,0.9539,May 2023,06/16/2023
0720011,Ledyard School District,High Needs,Students Without High Needs,1489,0.9306,1469,0.9334,1443,0.9303,1355,0.9585,May 2023,06/16/2023
0720011,Ledyard School District,High Needs,Students With High Needs,830,0.9008,895,0.8974,846,0.8913,986,0.9447,May 2023,06/16/2023
0730011,Lisbon School District,,All Students,386,0.9312,381,0.9226,397,0.9485,387,0.9601,May 2023,06/16/2023
0730011,Lisbon School District,Students With Disabilities,Students With Disabilities,71,0.9224,73,0.9083,65,0.9382,60,0.946,May 2023,06/16/2023
0730011,Lisbon School District,Free/Reduced Lunch,Free Meal Eligible,106,0.9255,113,0.9108,127,0.9384,111,0.956,May 2023,06/16/2023
0730011,Lisbon School District,Free/Reduced Lunch,Reduced Price Meal Eligible,26,0.93,24,0.9268,21,0.9666,32,0.9557,May 2023,06/16/2023
0730011,Lisbon School District,Free/Reduced Lunch,Free/Reduced Price Meal Eligible,132,0.9264,137,0.9136,148,0.9425,143,0.956,May 2023,06/16/2023
0730011,Lisbon School District,Race/Ethnicity,Hispanic/Latino of any race,56,0.9213,44,0.904,52,0.9259,44,0.9467,May 2023,06/16/2023
0730011,Lisbon School District,Race/Ethnicity,White,301,0.9322,303,0.9247,305,0.9515,302,0.962,May 2023,06/16/2023
0730011,Lisbon School District,High Needs,Students Without High Needs,213,0.9344,204,0.9294,214,0.9524,215,0.9648,May 2023,06/16/2023
0730011,Lisbon School District,High Needs,Students With High Needs,173,0.9273,177,0.9148,183,0.944,172,0.954,May 2023,06/16/2023
0740011,Litchfield School District,,All Students,787,0.9325,807,0.9356,805,0.951,833,0.9586,May 2023,06/16/2023
0740011,Litchfield School District,Students With Disabilities,Students With Disabilities,141,0.9021,150,0.9099,152,0.9352,142,0.9363,May 2023,06/16/2023
0740011,Litchfield School District,Free/Reduced Lunch,Free Meal Eligible,105,0.9232,118,0.9274,119,0.9343,142,0.9491,May 2023,06/16/2023
0740011,Litchfield School District,Free/Reduced Lunch,Reduced Price Meal Eligible,45,0.9145,38,0.9216,27,0.9569,46,0.9543,May 2023,06/16/2023
0740011,Litchfield School District,Free/Reduced Lunch,Free/Reduced Price Meal Eligible,150,0.9206,156,0.9259,146,0.9385,188,0.9504,May 2023,06/16/2023
0740011,Litchfield School District,Race/Ethnicity,Hispanic/Latino of any race,62,0.9167,59,0.9019,50,0.947,44,0.9482,May 2023,06/16/2023
0740011,Litchfield School District,Race/Ethnicity,White,692,0.9333,705,0.9385,716,0.9516,748,0.9589,May 2023,06/16/2023
0740011,Litchfield School District,High Needs,Students Without High Needs,536,0.9392,541,0.943,546,0.9552,547,0.9646,May 2023,06/16/2023
0740011,Litchfield School District,High Needs,Students With High Needs,251,0.9179,266,0.9203,259,0.9421,286,0.947,May 2023,06/16/2023
0760011,Madison School District,,All Students,2406,0.9527,2408,0.9607,2454,0.9754,2584,0.9625,May 2023,06/16/2023
0760011,Madison School District,Students With Disabilities,Students With Disabilities,345,0.947,347,0.9502,348,0.965,380,0.9592,May 2023,06/16/2023
0760011,Madison School District,Free/Reduced Lunch,Free Meal Eligible,70,0.949,67,0.9393,,,66,0.9498,May 2023,06/16/2023
0760011,Madison School District,Free/Reduced Lunch,Reduced Price Meal Eligible,29,0.9581,20,0.9687,,,26,0.9586,May 2023,06/16/2023
0760011,Madison School District,Free/Reduced Lunch,Free/Reduced Price Meal Eligible,99,0.9517,87,0.946,75,0.9513,92,0.9523,May 2023,06/16/2023
0760011,Madison School District,English Learners,English Learners,36,0.9603,39,0.9588,36,0.9677,38,0.9583,May 2023,06/16/2023
0760011,Madison School District,Race/Ethnicity,All other races,189,0.9573,183,0.9701,187,0.9799,211,0.9668,May 2023,06/16/2023
0760011,Madison School District,Race/Ethnicity,White,2035,0.9522,2055,0.96,2106,0.9758,2230,0.962,May 2023,06/16/2023
0760011,Madison School District,High Needs,Students Without High Needs,1970,0.9535,1980,0.9626,2032,0.9776,2120,0.9632,May 2023,06/16/2023
0760011,Madison School District,High Needs,Students With High Needs,436,0.9488,428,0.9516,422,0.9648,464,0.9593,May 2023,06/16/2023
0770011,Manchester School District,,All Students,6014,0.9114,6031,0.8929,5939,0.8905,6023,0.9325,May 2023,06/16/2023
0770011,Manchester School District,Homelessness,Students Experiencing Homelessness,26,0.8367,22,0.8239,20,0.6627,40,0.8938,May 2023,06/16/2023
0770011,Manchester School District,Students With Disabilities,Students With Disabilities,972,0.8745,1011,0.8604,956,0.8364,959,0.9103,May 2023,06/16/2023
0770011,Manchester School District,Free/Reduced Lunch,Free Meal Eligible,2653,0.8933,3106,0.8661,3048,0.8482,3311,0.9186,May 2023,06/16/2023
0770011,Manchester School District,Free/Reduced Lunch,Reduced Price Meal Eligible,420,0.9222,387,0.9092,364,0.9056,423,0.9469,May 2023,06/16/2023
0770011,Manchester School District,Free/Reduced Lunch,Free/Reduced Price Meal Eligible,3073,0.8972,3493,0.8709,3412,0.8544,3734,0.9219,May 2023,06/16/2023
0770011,Manchester School District,English Learners,English Learners,470,0.9114,532,0.8879,452,0.8796,455,0.9195,May 2023,06/16/2023
0770011,Manchester School District,Race/Ethnicity,All other races,716,0.9203,666,0.9024,666,0.9201,680,0.9348,May 2023,06/16/2023
0770011,Manchester School District,Race/Ethnicity,Black or African American,1496,0.9208,1483,0.8982,1460,0.8768,1514,0.9378,May 2023,06/16/2023
0770011,Manchester School District,Race/Ethnicity,Hispanic/Latino of any race,2050,0.8927,2012,0.8706,1870,0.8589,1777,0.9196,May 2023,06/16/2023
0770011,Manchester School District,Race/Ethnicity,White,1752,0.9217,1870,0.9088,1943,0.92,2052,0.939,May 2023,06/16/2023
0770011,Manchester School District,High Needs,Students Without High Needs,2426,0.9334,2090,0.9265,2130,0.9411,1942,0.9509,May 2023,06/16/2023
0770011,Manchester School District,High Needs,Students With High Needs,3588,0.8971,3941,0.8747,3809,0.8615,4081,0.9236,May 2023,06/16/2023
0780011,Mansfield School District,,All Students,947,0.9278,948,0.9366,976,0.9581,1075,0.9567,May 2023,06/16/2023
0780011,Mansfield School District,Students With Disabilities,Students With Disabilities,134,0.9133,140,0.9123,136,0.9363,138,0.947,May 2023,06/16/2023
0780011,Mansfield School District,Free/Reduced Lunch,Free Meal Eligible,236,0.9045,243,0.9075,259,0.9289,302,0.9461,May 2023,06/16/2023
0780011,Mansfield School District,Free/Reduced Lunch,Reduced Price Meal Eligible,38,0.9111,32,0.943,29,0.9623,42,0.959,May 2023,06/16/2023
0780011,Mansfield School District,Free/Reduced Lunch,Free/Reduced Price Meal Eligible,274,0.9054,275,0.9117,288,0.9324,344,0.9477,May 2023,06/16/2023
0780011,Mansfield School District,English Learners,English Learners,63,0.914,60,0.9376,41,0.9619,63,0.9664,May 2023,06/16/2023
0780011,Mansfield School District,Race/Ethnicity,All other races,143,0.938,151,0.9571,165,0.9765,195,0.9651,May 2023,06/16/2023
0780011,Mansfield School District,Race/Ethnicity,Black or African American,36,0.9248,32,0.9343,33,0.9307,31,0.9431,May 2023,06/16/2023
0780011,Mansfield School District,Race/Ethnicity,Hispanic/Latino of any race,157,0.9104,150,0.9111,148,0.9268,144,0.9467,May 2023,06/16/2023
0780011,Mansfield School District,Race/Ethnicity,White,611,0.9301,615,0.9379,630,0.962,705,0.957,May 2023,06/16/2023
0780011,Mansfield School District,High Needs,Students Without High Needs,584,0.938,585,0.9477,604,0.9692,631,0.9608,May 2023,06/16/2023
0780011,Mansfield School District,High Needs,Students With High Needs,363,0.9115,363,0.9185,372,0.9398,444,0.9506,May 2023,06/16/2023
0790011,Marlborough School District,,All Students,433,0.9389,429,0.9501,419,0.9537,427,0.9577,May 2023,06/16/2023
0790011,Marlborough School District,Students With Disabilities,Students With Disabilities,51,0.9228,50,0.9421,52,0.9464,55,0.9563,May 2023,06/16/2023
0790011,Marlborough School District,Free/Reduced Lunch,Free/Reduced Price Meal Eligible,68,0.924,68,0.9346,59,0.9358,66,0.9536,May 2023,06/16/2023
0790011,Marlborough School District,Race/Ethnicity,Hispanic/Latino of any race,41,0.9249,40,0.9447,30,0.9325,29,0.9631,May 2023,06/16/2023
0790011,Marlborough School District,Race/Ethnicity,White,368,0.9415,366,0.9516,365,0.9545,369,0.9571,May 2023,06/16/2023
0790011,Marlborough School District,High Needs,Students Without High Needs,327,0.9426,322,0.9532,316,0.9564,316,0.9582,May 2023,06/16/2023
0790011,Marlborough School District,High Needs,Students With High Needs,106,0.9276,107,0.9412,103,0.9451,111,0.9564,May 2023,06/16/2023
0800011,Meriden School District,,All Students,8539,0.912,8390,0.9156,8121,0.93,8052,0.9457,May 2023,06/16/2023
0800011,Meriden School District,Homelessness,Students Experiencing Homelessness,36,0.8354,55,0.8361,34,0.8314,58,0.9147,May 2023,06/16/2023
0800011,Meriden School District,Students With Disabilities,Students With Disabilities,1576,0.8862,1689,0.8891,1665,0.8973,1630,0.9244,May 2023,06/16/2023
0800011,Meriden School District,Free/Reduced Lunch,Free Meal Eligible,5214,0.8983,5439,0.9025,5370,0.9172,5366,0.9379,May 2023,06/16/2023
0800011,Meriden School District,Free/Reduced Lunch,Reduced Price Meal Eligible,1157,0.9335,1105,0.9342,974,0.9502,901,0.9588,May 2023,06/16/2023
0800011,Meriden School District,Free/Reduced Lunch,Free/Reduced Price Meal Eligible,6371,0.9047,6544,0.9079,6344,0.9225,6267,0.941,May 2023,06/16/2023
0800011,Meriden School District,English Learners,English Learners,1422,0.9139,1464,0.9111,1351,0.9246,1389,0.942,May 2023,06/16/2023
0800011,Meriden School District,Race/Ethnicity,All other races,538,0.9271,535,0.9249,496,0.9445,516,0.9533,May 2023,06/16/2023
0800011,Meriden School District,Race/Ethnicity,Black or African American,992,0.9145,946,0.9182,898,0.9309,841,0.9521,May 2023,06/16/2023
0800011,Meriden School District,Race/Ethnicity,Hispanic/Latino of any race,5181,0.9062,4983,0.9089,4751,0.9228,4663,0.9407,May 2023,06/16/2023
0800011,Meriden School District,Race/Ethnicity,White,1828,0.9224,1926,0.9289,1976,0.9428,2032,0.9526,May 2023,06/16/2023
0800011,Meriden School District,High Needs,Students Without High Needs,1716,0.9379,1426,0.9482,1412,0.9626,1433,0.9655,May 2023,06/16/2023
0800011,Meriden School District,High Needs,Students With High Needs,6823,0.906,6964,0.9089,6709,0.9229,6619,0.9414,May 2023,06/16/2023
0830011,Middletown School District,,All Students,4292,0.9024,4338,0.9082,4307,0.924,4488,0.9445,May 2023,06/16/2023
0830011,Middletown School District,Homelessness,Students Experiencing Homelessness,40,0.7977,54,0.8314,34,0.7725,39,0.8761,May 2023,06/16/2023
0830011,Middletown School District,Students With Disabilities,Students With Disabilities,611,0.8754,615,0.8824,606,0.8722,606,0.9248,May 2023,06/16/2023
0830011,Middletown School District,Free/Reduced Lunch,Free Meal Eligible,1744,0.8727,1853,0.884,1543,0.8804,1933,0.9303,May 2023,06/16/2023
0830011,Middletown School District,Free/Reduced Lunch,Reduced Price Meal Eligible,348,0.8975,284,0.8983,239,0.9085,228,0.9497,May 2023,06/16/2023
0830011,Middletown School District,Free/Reduced Lunch,Free/Reduced Price Meal Eligible,2092,0.8768,2137,0.8859,1782,0.8842,2161,0.9324,May 2023,06/16/2023
0830011,Middletown School District,English Learners,English Learners,204,0.9036,202,0.9048,164,0.8997,183,0.9435,May 2023,06/16/2023
0830011,Middletown School District,Race/Ethnicity,All other races,690,0.9044,700,0.9098,679,0.9311,635,0.9496,May 2023,06/16/2023
0830011,Middletown School District,Race/Ethnicity,Black or African American,964,0.8883,951,0.8928,882,0.892,907,0.9399,May 2023,06/16/2023
0830011,Middletown School District,Race/Ethnicity,Hispanic/Latino of any race,794,0.8806,709,0.8917,798,0.8859,883,0.9299,May 2023,06/16/2023
0830011,Middletown School District,Race/Ethnicity,White,1844,0.918,1978,0.9209,1948,0.9515,2063,0.9513,May 2023,06/16/2023
0830011,Middletown School District,High Needs,Students Without High Needs,1941,0.9287,1947,0.9328,2209,0.958,2075,0.9577,May 2023,06/16/2023
0830011,Middletown School District,High Needs,Students With High Needs,2351,0.881,2391,0.8879,2098,0.8882,2413,0.9331,May 2023,06/16/2023
0840011,Milford School District,,All Students,5105,0.9333,5199,0.9233,5279,0.9435,5395,0.95,May 2023,06/16/2023
0840011,Milford School District,Students With Disabilities,Students With Disabilities,809,0.9074,856,0.8896,843,0.9117,817,0.9256,May 2023,06/16/2023
0840011,Milford School District,Free/Reduced Lunch,Free Meal Eligible,937,0.9156,1097,0.9019,1190,0.9111,1292,0.9347,May 2023,06/16/2023
0840011,Milford School District,Free/Reduced Lunch,Reduced Price Meal Eligible,265,0.9225,282,0.9167,249,0.931,233,0.9516,May 2023,06/16/2023
0840011,Milford School District,Free/Reduced Lunch,Free/Reduced Price Meal Eligible,1202,0.9171,1379,0.9049,1439,0.9145,1525,0.9374,May 2023,06/16/2023
0840011,Milford School District,English Learners,English Learners,120,0.9288,145,0.9348,134,0.9429,155,0.9446,May 2023,06/16/2023
0840011,Milford School District,Race/Ethnicity,All other races,682,0.9383,655,0.9335,643,0.9548,651,0.9559,May 2023,06/16/2023
0840011,Milford School District,Race/Ethnicity,Black or African American,249,0.9404,252,0.9105,253,0.9108,253,0.949,May 2023,06/16/2023
0840011,Milford School District,Race/Ethnicity,Hispanic/Latino of any race,798,0.9261,769,0.9152,696,0.9337,666,0.9474,May 2023,06/16/2023
0840011,Milford School District,Race/Ethnicity,White,3376,0.9334,3523,0.924,3687,0.9456,3825,0.9495,May 2023,06/16/2023
0840011,Milford School District,High Needs,Students Without High Needs,3323,0.9421,3225,0.9343,3291,0.9581,3316,0.9588,May 2023,06/16/2023
0840011,Milford School District,High Needs,Students With High Needs,1782,0.9169,1974,0.9053,1988,0.9191,2079,0.9356,May 2023,06/16/2023
0850011,Monroe School District,,All Students,3339,0.9435,3311,0.9498,3188,0.9777,3128,0.961,May 2023,06/16/2023
0850011,Monroe School District,Students With Disabilities,Students With Disabilities,453,0.9267,474,0.9353,439,0.9644,405,0.9462,May 2023,06/16/2023
0850011,Monroe School District,Free/Reduced Lunch,Free Meal Eligible,320,0.9266,309,0.9313,279,0.9565,279,0.9456,May 2023,06/16/2023
0850011,Monroe School District,Free/Reduced Lunch,Reduced Price Meal Eligible,75,0.9381,73,0.949,72,0.969,61,0.951,May 2023,06/16/2023
0850011,Monroe School District,Free/Reduced Lunch,Free/Reduced Price Meal Eligible,395,0.9289,382,0.9346,351,0.959,340,0.9466,May 2023,06/16/2023
0850011,Monroe School District,English Learners,English Learners,76,0.9388,55,0.9499,41,0.9624,33,0.9615,May 2023,06/16/2023
0850011,Monroe School District,Race/Ethnicity,All other races,311,0.9429,311,0.9538,306,0.9778,280,0.9675,May 2023,06/16/2023
0850011,Monroe School District,Race/Ethnicity,Black or African American,122,0.953,102,0.9594,76,0.9759,66,0.969,May 2023,06/16/2023
0850011,Monroe School District,Race/Ethnicity,Hispanic/Latino of any race,543,0.9411,500,0.9431,412,0.9742,353,0.9554,May 2023,06/16/2023
0850011,Monroe School District,Race/Ethnicity,White,2363,0.9436,2398,0.9502,2394,0.9784,2429,0.9609,May 2023,06/16/2023
0850011,Monroe School District,High Needs,Students Without High Needs,2546,0.9476,2523,0.9537,2446,0.9819,2432,0.9645,May 2023,06/16/2023
0850011,Monroe School District,High Needs,Students With High Needs,793,0.9302,788,0.9371,742,0.964,696,0.9488,May 2023,06/16/2023
0860011,Montville School District,,All Students,1960,0.9305,1964,0.9332,1935,0.9257,2007,0.9557,May 2023,06/16/2023
0860011,Montville School District,Students With Disabilities,Students With Disabilities,353,0.9039,366,0.9154,339,0.8922,364,0.9418,May 2023,06/16/2023
0860011,Montville School District,Free/Reduced Lunch,Free Meal Eligible,660,0.9142,651,0.9097,650,0.8821,749,0.9405,May 2023,06/16/2023
0860011,Montville School District,Free/Reduced Lunch,Reduced Price Meal Eligible,161,0.9292,139,0.9449,152,0.9368,173,0.9607,May 2023,06/16/2023
0860011,Montville School District,Free/Reduced Lunch,Free/Reduced Price Meal Eligible,821,0.9171,790,0.9161,802,0.8928,922,0.9443,May 2023,06/16/2023
0860011,Montville School District,English Learners,English Learners,93,0.9482,96,0.9328,93,0.9256,101,0.9651,May 2023,06/16/2023
0860011,Montville School District,Race/Ethnicity,All other races,382,0.9424,387,0.9375,402,0.932,422,0.964,May 2023,06/16/2023
0860011,Montville School District,Race/Ethnicity,Black or African American,87,0.9478,84,0.9385,69,0.9129,66,0.9724,May 2023,06/16/2023
0860011,Montville School District,Race/Ethnicity,Hispanic/Latino of any race,320,0.912,301,0.9258,269,0.9119,278,0.9488,May 2023,06/16/2023
0860011,Montville School District,Race/Ethnicity,White,1171,0.9305,1192,0.9333,1195,0.9273,1241,0.9536,May 2023,06/16/2023
0860011,Montville School District,High Needs,Students Without High Needs,945,0.9444,968,0.9474,957,0.9528,924,0.9659,May 2023,06/16/2023
0860011,Montville School District,High Needs,Students With High Needs,1015,0.9177,996,0.919,978,0.8987,1083,0.9468,May 2023,06/16/2023
0880011,Naugatuck School District,,All Students,4232,0.9133,4205,0.9216,4150,0.9155,4273,0.9379,May 2023,06/16/2023
0880011,Naugatuck School District,Students With Disabilities,Students With Disabilities,769,0.9011,770,0.9091,757,0.9003,765,0.9115,May 2023,06/16/2023
0880011,Naugatuck School District,Free/Reduced Lunch,Free Meal Eligible,1940,0.8969,2032,0.9035,1940,0.8901,2028,0.9257,May 2023,06/16/2023
0880011,Naugatuck School District,Free/Reduced Lunch,Reduced Price Meal Eligible,339,0.9234,361,0.9293,291,0.9241,240,0.9417,May 2023,06/16/2023
0880011,Naugatuck School District,Free/Reduced Lunch,Free/Reduced Price Meal Eligible,2279,0.9008,2393,0.9075,2231,0.8946,2268,0.9274,May 2023,06/16/2023
0880011,Naugatuck School District,English Learners,English Learners,454,0.9156,417,0.9167,331,0.8994,335,0.9467,May 2023,06/16/2023
0880011,Naugatuck School District,Race/Ethnicity,All other races,322,0.9213,342,0.9302,345,0.9252,370,0.9439,May 2023,06/16/2023
0880011,Naugatuck School District,Race/Ethnicity,Black or African American,517,0.9207,468,0.928,411,0.9125,394,0.9461,May 2023,06/16/2023
0880011,Naugatuck School District,Race/Ethnicity,Hispanic/Latino of any race,1627,0.9045,1509,0.9106,1364,0.8976,1282,0.9323,May 2023,06/16/2023
0880011,Naugatuck School District,Race/Ethnicity,White,1766,0.9176,1886,0.9269,2030,0.9261,2227,0.9386,May 2023,06/16/2023
0880011,Naugatuck School District,High Needs,Students Without High Needs,1549,0.9323,1448,0.9443,1550,0.9439,1611,0.9536,May 2023,06/16/2023
0880011,Naugatuck School District,High Needs,Students With High Needs,2683,0.9028,2757,0.9093,2600,0.8983,2662,0.9282,May 2023,06/16/2023
0890011,New Britain School District,,All Students,9367,0.8866,9300,0.8781,9452,0.8838,9744,0.9254,May 2023,06/16/2023
0890011,New Britain School District,Homelessness,Students Experiencing Homelessness,125,0.802,166,0.8037,248,0.8135,259,0.8844,May 2023,06/16/2023
0890011,New Britain School District,Students With Disabilities,Students With Disabilities,1931,0.8532,2032,0.8455,2001,0.8418,2021,0.9011,May 2023,06/16/2023
0890011,New Britain School District,Free/Reduced Lunch,Free Meal Eligible,6104,0.8747,6571,0.8639,6682,0.8637,7795,0.9199,May 2023,06/16/2023
0890011,New Britain School District,Free/Reduced Lunch,Reduced Price Meal Eligible,725,0.9016,659,0.9011,647,0.9152,561,0.9451,May 2023,06/16/2023
0890011,New Britain School District,Free/Reduced Lunch,Free/Reduced Price Meal Eligible,6829,0.8775,7230,0.8673,7329,0.8684,8356,0.9216,May 2023,06/16/2023
0890011,New Britain School District,English Learners,English Learners,1642,0.8862,1710,0.8655,1651,0.8738,1782,0.9134,May 2023,06/16/2023
0890011,New Britain School District,Race/Ethnicity,All other races,636,0.9075,610,0.9068,572,0.9184,567,0.9416,May 2023,06/16/2023
0890011,New Britain School District,Race/Ethnicity,Black or African American,1046,0.9014,1021,0.8925,1033,0.8917,1081,0.934,May 2023,06/16/2023
0890011,New Britain School District,Race/Ethnicity,Hispanic/Latino of any race,6335,0.8792,6260,0.8681,6344,0.8705,6473,0.9192,May 2023,06/16/2023
0890011,New Britain School District,Race/Ethnicity,White,1350,0.9002,1409,0.8996,1503,0.9205,1623,0.9389,May 2023,06/16/2023
0890011,New Britain School District,High Needs,Students Without High Needs,1899,0.9178,1489,0.9222,1595,0.947,1050,0.9532,May 2023,06/16/2023
0890011,New Britain School District,High Needs,Students With High Needs,7468,0.8794,7811,0.8695,7857,0.8707,8694,0.922,May 2023,06/16/2023
0900011,New Canaan School District,,All Students,4133,0.9548,4113,0.9569,4181,0.9773,4184,0.9595,May 2023,06/16/2023
0900011,New Canaan School District,Students With Disabilities,Students With Disabilities,491,0.949,518,0.9457,515,0.97,529,0.9493,May 2023,06/16/2023
0900011,New Canaan School District,English Learners,English Learners,37,0.9441,28,0.9535,26,0.9725,49,0.9585,May 2023,06/16/2023
0900011,New Canaan School District,Race/Ethnicity,All other races,508,0.9613,496,0.9635,475,0.983,461,0.964,May 2023,06/16/2023
0900011,New Canaan School District,Race/Ethnicity,Black or African American,57,0.9553,54,0.9563,58,0.9728,61,0.9596,May 2023,06/16/2023
0900011,New Canaan School District,Race/Ethnicity,Hispanic/Latino of any race,265,0.952,245,0.9583,232,0.9758,212,0.9633,May 2023,06/16/2023
0900011,New Canaan School District,Race/Ethnicity,White,3303,0.954,3318,0.9558,3416,0.9766,3450,0.9586,May 2023,06/16/2023
0900011,New Canaan School District,High Needs,Students Without High Needs,3603,0.9556,3572,0.9585,3644,0.9783,3609,0.961,May 2023,06/16/2023
0900011,New Canaan School District,High Needs,Students With High Needs,530,0.9488,541,0.9464,537,0.9702,575,0.95,May 2023,06/16/2023
0910011,New Fairfield School District,,All Students,2069,0.9352,2096,0.9299,2093,0.961,2121,0.9461,May 2023,06/16/2023
0910011,New Fairfield School District,Students With Disabilities,Students With Disabilities,344,0.9191,356,0.9134,331,0.9404,328,0.9348,May 2023,06/16/2023
0910011,New Fairfield School District,Free/Reduced Lunch,Free Meal Eligible,253,0.9222,242,0.9053,243,0.9371,264,0.9329,May 2023,06/16/2023
0910011,New Fairfield School District,Free/Reduced Lunch,Reduced Price Meal Eligible,94,0.9187,92,0.9218,73,0.939,78,0.938,May 2023,06/16/2023
0910011,New Fairfield School District,Free/Reduced Lunch,Free/Reduced Price Meal Eligible,347,0.9212,334,0.9099,316,0.9376,342,0.9341,May 2023,06/16/2023
0910011,New Fairfield School District,English Learners,English Learners,77,0.9299,93,0.9111,82,0.9472,86,0.9451,May 2023,06/16/2023
0910011,New Fairfield School District,Race/Ethnicity,All other races,91,0.9368,98,0.9352,97,0.9689,85,0.9538,May 2023,06/16/2023
0910011,New Fairfield School District,Race/Ethnicity,Black or African American,47,0.9442,45,0.9327,29,0.9686,31,0.9506,May 2023,06/16/2023
0910011,New Fairfield School District,Race/Ethnicity,Hispanic/Latino of any race,371,0.9305,362,0.9218,317,0.951,276,0.9437,May 2023,06/16/2023
0910011,New Fairfield School District,Race/Ethnicity,White,1560,0.936,1591,0.9313,1650,0.9623,1729,0.946,May 2023,06/16/2023
0910011,New Fairfield School District,High Needs,Students Without High Needs,1436,0.9404,1446,0.9366,1482,0.9678,1483,0.9499,May 2023,06/16/2023
0910011,New Fairfield School District,High Needs,Students With High Needs,633,0.9235,650,0.915,611,0.9443,638,0.9371,May 2023,06/16/2023
0920011,New Hartford School District,,All Students,406,0.9446,425,0.9443,408,0.972,419,0.9573,May 2023,06/16/2023
0920011,New Hartford School District,Students With Disabilities,Students With Disabilities,56,0.9474,72,0.9393,63,0.9661,66,0.9525,May 2023,06/16/2023
0920011,New Hartford School District,Free/Reduced Lunch,Free/Reduced Price Meal Eligible,83,0.9326,85,0.9318,82,0.9528,80,0.9429,May 2023,06/16/2023
0920011,New Hartford School District,Race/Ethnicity,White,361,0.9442,381,0.9439,374,0.972,392,0.957,May 2023,06/16/2023
0920011,New Hartford School District,High Needs,Students Without High Needs,288,0.947,289,0.9479,278,0.9778,291,0.9607,May 2023,06/16/2023
0920011,New Hartford School District,High Needs,Students With High Needs,118,0.9387,136,0.9365,130,0.9598,128,0.9492,May 2023,06/16/2023
0930011,New Haven School District,,All Students,17776,0.8762,18001,0.8465,18586,0.8748,19307,0.9281,May 2023,06/16/2023
0930011,New Haven School District,Homelessness,Students Experiencing Homelessness,329,0.7991,433,0.7639,312,0.7693,509,0.8838,May 2023,06/16/2023
0930011,New Haven School District,Students With Disabilities,Students With Disabilities,2650,0.8293,2915,0.8032,2996,0.8196,3116,0.9005,May 2023,06/16/2023
0930011,New Haven School District,Free/Reduced Lunch,Free Meal Eligible,11651,0.8577,11431,0.83,12703,0.8471,12912,0.9178,May 2023,06/16/2023
0930011,New Haven School District,Free/Reduced Lunch,Reduced Price Meal Eligible,1347,0.9065,1340,0.8762,1193,0.9247,945,0.945,May 2023,06/16/2023
0930011,New Haven School District,Free/Reduced Lunch,Free/Reduced Price Meal Eligible,12998,0.8628,12771,0.8349,13896,0.8538,13857,0.9197,May 2023,06/16/2023
0930011,New Haven School District,English Learners,English Learners,3735,0.8955,3888,0.8711,3558,0.8897,3716,0.9376,May 2023,06/16/2023
0930011,New Haven School District,Race/Ethnicity,All other races,1247,0.9079,1105,0.8701,951,0.9128,923,0.9467,May 2023,06/16/2023
0930011,New Haven School District,Race/Ethnicity,Black or African American,5939,0.8612,6182,0.8259,6587,0.8462,6930,0.9206,May 2023,06/16/2023
0930011,New Haven School District,Race/Ethnicity,Hispanic/Latino of any race,8772,0.8754,8769,0.8525,8968,0.8795,9151,0.928,May 2023,06/16/2023
0930011,New Haven School District,Race/Ethnicity,White,1818,0.9072,1945,0.8721,2080,0.9272,2303,0.9439,May 2023,06/16/2023
0930011,New Haven School District,High Needs,Students Without High Needs,3623,0.9195,3743,0.8767,3603,0.9463,4143,0.9525,May 2023,06/16/2023
0930011,New Haven School District,High Needs,Students With High Needs,14153,0.8659,14258,0.8384,14983,0.8574,15164,0.9214,May 2023,06/16/2023
0940011,Newington School District,,All Students,3859,0.9353,3850,0.9438,3872,0.965,3955,0.9565,May 2023,06/16/2023
0940011,Newington School District,Homelessness,Students Experiencing Homelessness,28,0.9034,,,,,,,May 2023,06/16/2023
0940011,Newington School District,Students With Disabilities,Students With Disabilities,557,0.9122,567,0.9223,589,0.939,556,0.9405,May 2023,06/16/2023
0940011,Newington School District,Free/Reduced Lunch,Free Meal Eligible,1012,0.9136,1008,0.9173,969,0.9344,1050,0.9424,May 2023,06/16/2023
0940011,Newington School District,Free/Reduced Lunch,Reduced Price Meal Eligible,261,0.9333,226,0.937,246,0.9575,232,0.9526,May 2023,06/16/2023
0940011,Newington School District,Free/Reduced Lunch,Free/Reduced Price Meal Eligible,1273,0.9176,1234,0.921,1215,0.9391,1282,0.9443,May 2023,06/16/2023
0940011,Newington School District,English Learners,English Learners,337,0.9361,325,0.9382,288,0.9532,258,0.9578,May 2023,06/16/2023
0940011,Newington School District,Race/Ethnicity,All other races,584,0.9468,563,0.9517,570,0.9731,589,0.9647,May 2023,06/16/2023
0940011,Newington School District,Race/Ethnicity,Black or African American,219,0.9391,222,0.9444,233,0.9573,240,0.9614,May 2023,06/16/2023
0940011,Newington School District,Race/Ethnicity,Hispanic/Latino of any race,995,0.9187,974,0.9275,891,0.9457,879,0.949,May 2023,06/16/2023
0940011,Newington School District,Race/Ethnicity,White,2061,0.9397,2091,0.9489,2178,0.9715,2247,0.9566,May 2023,06/16/2023
0940011,Newington School District,High Needs,Students Without High Needs,2173,0.9469,2186,0.9571,2234,0.9793,2266,0.9643,May 2023,06/16/2023
0940011,Newington School District,High Needs,Students With High Needs,1686,0.9205,1664,0.9259,1638,0.9451,1689,0.9458,May 2023,06/16/2023
0950011,New London School District,,All Students,2850,0.8896,3053,0.892,3257,0.8652,3378,0.9417,May 2023,06/16/2023
0950011,New London School District,Homelessness,Students Experiencing Homelessness,219,0.884,258,0.8839,309,0.8329,301,0.9274,May 2023,06/16/2023
0950011,New London School District,Students With Disabilities,Students With Disabilities,512,0.8499,598,0.853,605,0.8358,604,0.9199,May 2023,06/16/2023
0950011,New London School District,Free/Reduced Lunch,Free Meal Eligible,2056,0.8799,2397,0.8822,2689,0.8503,2476,0.9364,May 2023,06/16/2023
0950011,New London School District,Free/Reduced Lunch,Reduced Price Meal Eligible,337,0.9182,327,0.9233,167,0.9164,299,0.9554,May 2023,06/16/2023
0950011,New London School District,Free/Reduced Lunch,Free/Reduced Price Meal Eligible,2393,0.8853,2724,0.8871,2856,0.8541,2775,0.9385,May 2023,06/16/2023
0950011,New London School District,English Learners,English Learners,758,0.8873,858,0.8919,845,0.848,827,0.9394,May 2023,06/16/2023
0950011,New London School District,Race/Ethnicity,All other races,373,0.8975,434,0.9034,460,0.8677,454,0.942,May 2023,06/16/2023
0950011,New London School District,Race/Ethnicity,Black or African American,475,0.911,508,0.9076,577,0.8777,593,0.9551,May 2023,06/16/2023
0950011,New London School District,Race/Ethnicity,Hispanic/Latino of any race,1648,0.881,1702,0.8808,1760,0.848,1779,0.9355,May 2023,06/16/2023
0950011,New London School District,Race/Ethnicity,White,354,0.8927,409,0.9063,460,0.9132,552,0.9471,May 2023,06/16/2023
0950011,New London School District,High Needs,Students Without High Needs,389,0.9198,257,0.9347,327,0.9494,487,0.9583,May 2023,06/16/2023
0950011,New London School District,High Needs,Students With High Needs,2461,0.8856,2796,0.888,2930,0.8557,2891,0.9389,May 2023,06/16/2023
0960011,New Milford School District,,All Students,3596,0.9257,3615,0.9212,3604,0.9483,3837,0.9564,May 2023,06/16/2023
0960011,New Milford School District,Students With Disabilities,Students With Disabilities,558,0.9048,590,0.8898,555,0.9182,566,0.9435,May 2023,06/16/2023
0960011,New Milford School District,Free/Reduced Lunch,Free Meal Eligible,973,0.9091,924,0.9003,945,0.923,1088,0.9438,May 2023,06/16/2023
0960011,New Milford School District,Free/Reduced Lunch,Reduced Price Meal Eligible,294,0.9275,229,0.9184,240,0.9504,252,0.9555,May 2023,06/16/2023
0960011,New Milford School District,Free/Reduced Lunch,Free/Reduced Price Meal Eligible,1267,0.9133,1153,0.9039,1185,0.9286,1340,0.946,May 2023,06/16/2023
0960011,New Milford School District,English Learners,English Learners,255,0.9338,247,0.9169,189,0.9391,195,0.9512,May 2023,06/16/2023
0960011,New Milford School District,Race/Ethnicity,All other races,210,0.9448,207,0.9356,269,0.9633,273,0.969,May 2023,06/16/2023
0960011,New Milford School District,Race/Ethnicity,Black or African American,129,0.9291,124,0.9235,117,0.9496,109,0.9662,May 2023,06/16/2023
0960011,New Milford School District,Race/Ethnicity,Hispanic/Latino of any race,865,0.9229,759,0.9177,649,0.9332,610,0.9511,May 2023,06/16/2023
0960011,New Milford School District,Race/Ethnicity,White,2392,0.9249,2525,0.9209,2569,0.9504,2845,0.9559,May 2023,06/16/2023
0960011,New Milford School District,High Needs,Students Without High Needs,1940,0.9348,2048,0.9332,2061,0.9613,2151,0.9629,May 2023,06/16/2023
0960011,New Milford School District,High Needs,Students With High Needs,1656,0.9153,1567,0.9051,1543,0.9309,1686,0.9479,May 2023,06/16/2023
0970011,Newtown School District,,All Students,3957,0.9427,4001,0.9471,4009,0.9667,4100,0.9589,May 2023,06/16/2023
0970011,Newtown School District,Students With Disabilities,Students With Disabilities,591,0.9279,618,0.9333,588,0.9467,556,0.9459,May 2023,06/16/2023
0970011,Newtown School District,Free/Reduced Lunch,Free Meal Eligible,397,0.9263,398,0.9261,433,0.9474,446,0.947,May 2023,06/16/2023
0970011,Newtown School District,Free/Reduced Lunch,Reduced Price Meal Eligible,144,0.9296,112,0.937,115,0.9498,125,0.9526,May 2023,06/16/2023
0970011,Newtown School District,Free/Reduced Lunch,Free/Reduced Price Meal Eligible,541,0.9272,510,0.9285,548,0.9479,571,0.9483,May 2023,06/16/2023
0970011,Newtown School District,English Learners,English Learners,59,0.9287,53,0.9534,29,0.9452,23,0.942,May 2023,06/16/2023
0970011,Newtown School District,Race/Ethnicity,All other races,162,0.95,185,0.9526,194,0.9696,210,0.9657,May 2023,06/16/2023
0970011,Newtown School District,Race/Ethnicity,Black or African American,88,0.9506,85,0.9542,70,0.9724,66,0.9677,May 2023,06/16/2023
0970011,Newtown School District,Race/Ethnicity,Hispanic/Latino of any race,500,0.9395,434,0.9398,386,0.9612,349,0.9572,May 2023,06/16/2023
0970011,Newtown School District,Race/Ethnicity,White,3207,0.9426,3297,0.9476,3359,0.967,3475,0.9585,May 2023,06/16/2023
0970011,Newtown School District,High Needs,Students Without High Needs,2940,0.9472,2988,0.9516,3009,0.9721,3115,0.9618,May 2023,06/16/2023
0970011,Newtown School District,High Needs,Students With High Needs,1017,0.93,1013,0.9336,1000,0.9503,985,0.9498,May 2023,06/16/2023
0980011,Norfolk School District,,All Students,58,0.9353,64,0.94,66,0.9546,68,0.9644,May 2023,06/16/2023
0980011,Norfolk School District,Free/Reduced Lunch,Free/Reduced Price Meal Eligible,21,0.9334,21,0.9388,24,0.948,26,0.9528,May 2023,06/16/2023
0980011,Norfolk School District,Race/Ethnicity,White,50,0.9372,56,0.9419,56,0.955,59,0.9649,May 2023,06/16/2023
0980011,Norfolk School District,High Needs,Students Without High Needs,29,0.937,37,0.9433,37,0.9598,35,0.9781,May 2023,06/16/2023
0980011,Norfolk School District,High Needs,Students With High Needs,29,0.9338,27,0.9357,29,0.948,33,0.9496,May 2023,06/16/2023
0990011,North Branford School District,,All Students,1494,0.9446,1537,0.93,1573,0.9556,1642,0.9509,May 2023,06/16/2023
0990011,North Branford School District,Students With Disabilities,Students With Disabilities,226,0.9281,245,0.919,248,0.9463,253,0.9395,May 2023,06/16/2023
0990011,North Branford School District,Free/Reduced Lunch,Free Meal Eligible,293,0.9342,298,0.9184,282,0.9361,298,0.9429,May 2023,06/16/2023
0990011,North Branford School District,Free/Reduced Lunch,Reduced Price Meal Eligible,55,0.9404,63,0.9203,60,0.9543,86,0.9478,May 2023,06/16/2023
0990011,North Branford School District,Free/Reduced Lunch,Free/Reduced Price Meal Eligible,348,0.9352,361,0.9187,342,0.9393,384,0.944,May 2023,06/16/2023
0990011,North Branford School District,English Learners,English Learners,28,0.9536,,,20,0.914,,,May 2023,06/16/2023
0990011,North Branford School District,Race/Ethnicity,All other races,65,0.9554,57,0.9431,63,0.9598,57,0.9526,May 2023,06/16/2023
0990011,North Branford School District,Race/Ethnicity,Black or African American,24,0.9179,22,0.9309,25,0.8716,28,0.9578,May 2023,06/16/2023
0990011,North Branford School District,Race/Ethnicity,Hispanic/Latino of any race,147,0.9407,141,0.9216,133,0.9429,129,0.9467,May 2023,06/16/2023
0990011,North Branford School District,Race/Ethnicity,White,1258,0.9449,1317,0.9303,1352,0.9581,1428,0.951,May 2023,06/16/2023
0990011,North Branford School District,High Needs,Students Without High Needs,990,0.949,1013,0.9347,1052,0.9613,1086,0.9552,May 2023,06/16/2023
0990011,North Branford School District,High Needs,Students With High Needs,504,0.9357,524,0.9206,521,0.9439,556,0.9424,May 2023,06/16/2023
1000011,North Canaan School District,,All Students,224,0.929,218,0.9435,240,0.9618,245,0.951,May 2023,06/16/2023
1000011,North Canaan School District,Students With Disabilities,Students With Disabilities,34,0.9076,32,0.9326,36,0.9375,37,0.9347,May 2023,06/16/2023
1000011,North Canaan School District,Free/Reduced Lunch,Free/Reduced Price Meal Eligible,78,0.9172,87,0.9406,102,0.9474,128,0.948,May 2023,06/16/2023
1000011,North Canaan School District,Race/Ethnicity,Hispanic/Latino of any race,38,0.9212,30,0.9395,29,0.9603,34,0.9597,May 2023,06/16/2023
1000011,North Canaan School District,Race/Ethnicity,White,172,0.9302,176,0.945,198,0.9636,199,0.9507,May 2023,06/16/2023
1000011,North Canaan School District,High Needs,Students Without High Needs,121,0.9395,111,0.9481,120,0.9743,103,0.955,May 2023,06/16/2023
1000011,North Canaan School District,High Needs,Students With High Needs,103,0.9169,107,0.9386,120,0.9492,142,0.9481,May 2023,06/16/2023
1010011,North Haven School District,,All Students,3150,0.9477,3127,0.9472,3080,0.9653,3126,0.9538,May 2023,06/16/2023
1010011,North Haven School District,Students With Disabilities,Students With Disabilities,397,0.9295,399,0.9281,384,0.9346,368,0.931,May 2023,06/16/2023
1010011,North Haven School District,Free/Reduced Lunch,Free Meal Eligible,544,0.9274,566,0.9252,544,0.9381,510,0.9364,May 2023,06/16/2023
1010011,North Haven School District,Free/Reduced Lunch,Reduced Price Meal Eligible,192,0.9386,154,0.9308,143,0.9392,119,0.9455,May 2023,06/16/2023
1010011,North Haven School District,Free/Reduced Lunch,Free/Reduced Price Meal Eligible,736,0.9303,720,0.9264,687,0.9384,629,0.9381,May 2023,06/16/2023
1010011,North Haven School District,English Learners,English Learners,164,0.9444,143,0.9427,116,0.9645,101,0.9612,May 2023,06/16/2023
1010011,North Haven School District,Race/Ethnicity,All other races,357,0.951,317,0.9553,352,0.9744,340,0.9602,May 2023,06/16/2023
1010011,North Haven School District,Race/Ethnicity,Black or African American,158,0.9485,158,0.9451,146,0.9522,138,0.9589,May 2023,06/16/2023
1010011,North Haven School District,Race/Ethnicity,Hispanic/Latino of any race,416,0.9369,378,0.9431,328,0.9534,298,0.9521,May 2023,06/16/2023
1010011,North Haven School District,Race/Ethnicity,White,2219,0.9491,2274,0.9469,2254,0.9665,2350,0.9528,May 2023,06/16/2023
1010011,North Haven School District,High Needs,Students Without High Needs,2112,0.9545,2090,0.955,2089,0.9751,2191,0.9598,May 2023,06/16/2023
1010011,North Haven School District,High Needs,Students With High Needs,1038,0.9339,1037,0.9312,991,0.9444,935,0.9397,May 2023,06/16/2023
1020011,North Stonington School District,,All Students,718,0.9329,740,0.9427,708,0.9411,705,0.9541,May 2023,06/16/2023
1020011,North Stonington School District,Students With Disabilities,Students With Disabilities,82,0.9162,82,0.9427,67,0.922,69,0.9309,May 2023,06/16/2023
1020011,North Stonington School District,Free/Reduced Lunch,Free Meal Eligible,101,0.9139,118,0.922,121,0.9151,121,0.9423,May 2023,06/16/2023
1020011,North Stonington School District,Free/Reduced Lunch,Reduced Price Meal Eligible,44,0.9017,40,0.9348,41,0.9112,43,0.9411,May 2023,06/16/2023
1020011,North Stonington School District,Free/Reduced Lunch,Free/Reduced Price Meal Eligible,145,0.9102,158,0.9253,162,0.9141,164,0.942,May 2023,06/16/2023
1020011,North Stonington School District,Race/Ethnicity,Hispanic/Latino of any race,34,0.9318,,,37,0.9426,,,May 2023,06/16/2023
1020011,North Stonington School District,Race/Ethnicity,White,639,0.9342,655,0.9441,622,0.943,618,0.9546,May 2023,06/16/2023
1020011,North Stonington School District,High Needs,Students Without High Needs,523,0.9402,532,0.9473,504,0.9521,497,0.9594,May 2023,06/16/2023
1020011,North Stonington School District,High Needs,Students With High Needs,195,0.9134,208,0.9307,204,0.9142,208,0.9408,May 2023,06/16/2023
1030011,Norwalk School District,,All Students,11326,0.9223,11304,0.9142,11380,0.9253,11499,0.945,May 2023,06/16/2023
1030011,Norwalk School District,Homelessness,Students Experiencing Homelessness,28,0.798,49,0.8014,48,0.8305,25,0.8858,May 2023,06/16/2023
1030011,Norwalk School District,Students With Disabilities,Students With Disabilities,1663,0.9047,1747,0.8914,1709,0.9,1623,0.9325,May 2023,06/16/2023
1030011,Norwalk School District,Free/Reduced Lunch,Free Meal Eligible,4539,0.9106,4870,0.8996,5240,0.9075,5950,0.9386,May 2023,06/16/2023
1030011,Norwalk School District,Free/Reduced Lunch,Reduced Price Meal Eligible,1023,0.9322,906,0.92,904,0.9293,991,0.9503,May 2023,06/16/2023
1030011,Norwalk School District,Free/Reduced Lunch,Free/Reduced Price Meal Eligible,5562,0.9146,5776,0.9028,6144,0.9108,6941,0.9403,May 2023,06/16/2023
1030011,Norwalk School District,English Learners,English Learners,2144,0.9101,2256,0.9073,2020,0.9019,2153,0.9377,May 2023,06/16/2023
1030011,Norwalk School District,Race/Ethnicity,All other races,825,0.936,808,0.9237,840,0.9517,850,0.9523,May 2023,06/16/2023
1030011,Norwalk School District,Race/Ethnicity,Black or African American,1547,0.9156,1604,0.9052,1646,0.9049,1721,0.9433,May 2023,06/16/2023
1030011,Norwalk School District,Race/Ethnicity,Hispanic/Latino of any race,6347,0.917,6183,0.9093,6016,0.9127,6007,0.9419,May 2023,06/16/2023
1030011,Norwalk School District,Race/Ethnicity,White,2607,0.9347,2709,0.9274,2878,0.955,2921,0.9501,May 2023,06/16/2023
1030011,Norwalk School District,High Needs,Students Without High Needs,4304,0.9385,4021,0.9332,4018,0.9543,3782,0.9548,May 2023,06/16/2023
1030011,Norwalk School District,High Needs,Students With High Needs,7022,0.9128,7283,0.9034,7362,0.9093,7717,0.9401,May 2023,06/16/2023
1040011,Norwich School District,,All Students,3206,0.9158,3159,0.9295,3227,0.9361,3299,0.9484,May 2023,06/16/2023
1040011,Norwich School District,Homelessness,Students Experiencing Homelessness,23,0.8907,57,0.8633,44,0.9349,61,0.9114,May 2023,06/16/2023
1040011,Norwich School District,Students With Disabilities,Students With Disabilities,579,0.8943,616,0.9112,600,0.9093,622,0.9187,May 2023,06/16/2023
1040011,Norwich School District,Free/Reduced Lunch,Free Meal Eligible,1340,0.9109,1560,0.9229,1904,0.9263,1962,0.9452,May 2023,06/16/2023
1040011,Norwich School District,Free/Reduced Lunch,Reduced Price Meal Eligible,225,0.9366,262,0.9456,306,0.9569,184,0.9635,May 2023,06/16/2023
1040011,Norwich School District,Free/Reduced Lunch,Free/Reduced Price Meal Eligible,1565,0.9146,1822,0.9262,2210,0.9305,2146,0.9468,May 2023,06/16/2023
1040011,Norwich School District,English Learners,English Learners,690,0.9295,683,0.9285,635,0.9448,665,0.9566,May 2023,06/16/2023
1040011,Norwich School District,Race/Ethnicity,All other races,539,0.9246,566,0.9343,581,0.9436,568,0.9555,May 2023,06/16/2023
1040011,Norwich School District,Race/Ethnicity,Black or African American,596,0.9291,555,0.9432,587,0.9384,599,0.9552,May 2023,06/16/2023
1040011,Norwich School District,Race/Ethnicity,Hispanic/Latino of any race,1218,0.9066,1149,0.9212,1161,0.9284,1166,0.9438,May 2023,06/16/2023
1040011,Norwich School District,Race/Ethnicity,White,853,0.9139,889,0.9285,898,0.9395,966,0.9453,May 2023,06/16/2023
1040011,Norwich School District,High Needs,Students Without High Needs,1119,0.9183,862,0.9412,685,0.9641,762,0.9621,May 2023,06/16/2023
1040011,Norwich School District,High Needs,Students With High Needs,2087,0.9145,2297,0.925,2542,0.9288,2537,0.9444,May 2023,06/16/2023
1060011,Old Saybrook School District,,All Students,982,0.9387,1016,0.9332,1042,0.946,1140,0.9422,May 2023,06/16/2023
1060011,Old Saybrook School District,Students With Disabilities,Students With Disabilities,162,0.9278,171,0.9156,157,0.9361,169,0.9321,May 2023,06/16/2023
1060011,Old Saybrook School District,Free/Reduced Lunch,Free Meal Eligible,183,0.9197,202,0.922,194,0.9314,226,0.9352,May 2023,06/16/2023
1060011,Old Saybrook School District,Free/Reduced Lunch,Reduced Price Meal Eligible,47,0.9474,49,0.9363,68,0.9426,68,0.9388,May 2023,06/16/2023
1060011,Old Saybrook School District,Free/Reduced Lunch,Free/Reduced Price Meal Eligible,230,0.9253,251,0.9248,262,0.9343,294,0.936,May 2023,06/16/2023
1060011,Old Saybrook School District,English Learners,English Learners,85,0.9391,88,0.9476,72,0.9378,66,0.9605,May 2023,06/16/2023
1060011,Old Saybrook School District,Race/Ethnicity,Hispanic/Latino of any race,146,0.9405,143,0.9425,139,0.937,136,0.9461,May 2023,06/16/2023
1060011,Old Saybrook School District,Race/Ethnicity,White,760,0.9396,790,0.9326,824,0.9468,916,0.9411,May 2023,06/16/2023
1060011,Old Saybrook School District,High Needs,Students Without High Needs,617,0.9439,625,0.937,660,0.9515,722,0.9451,May 2023,06/16/2023
1060011,Old Saybrook School District,High Needs,Students With High Needs,365,0.9301,391,0.9271,382,0.9362,418,0.937,May 2023,06/16/2023
1070011,Orange School District,,All Students,1231,0.9483,1215,0.9443,1211,0.9738,1196,0.9581,May 2023,06/16/2023
1070011,Orange School District,Students With Disabilities,Students With Disabilities,126,0.9444,120,0.9458,113,0.9694,110,0.9536,May 2023,06/16/2023
1070011,Orange School District,Free/Reduced Lunch,Free Meal Eligible,118,0.9395,125,0.9307,136,0.9572,138,0.9483,May 2023,06/16/2023
1070011,Orange School District,Free/Reduced Lunch,Reduced Price Meal Eligible,32,0.9387,34,0.9384,39,0.9684,32,0.9435,May 2023,06/16/2023
1070011,Orange School District,Free/Reduced Lunch,Free/Reduced Price Meal Eligible,150,0.9393,159,0.9324,175,0.9598,170,0.9474,May 2023,06/16/2023
1070011,Orange School District,English Learners,English Learners,72,0.9384,71,0.9301,69,0.959,75,0.9552,May 2023,06/16/2023
1070011,Orange School District,Race/Ethnicity,All other races,234,0.9518,225,0.9438,224,0.9781,224,0.9607,May 2023,06/16/2023
1070011,Orange School District,Race/Ethnicity,Black or African American,30,0.9522,31,0.9501,26,0.9703,23,0.9646,May 2023,06/16/2023
1070011,Orange School District,Race/Ethnicity,Hispanic/Latino of any race,92,0.9415,95,0.9347,93,0.9678,84,0.9513,May 2023,06/16/2023
1070011,Orange School District,Race/Ethnicity,White,875,0.9479,864,0.9453,868,0.9734,865,0.9579,May 2023,06/16/2023
1070011,Orange School District,High Needs,Students Without High Needs,948,0.9504,928,0.9463,913,0.9768,913,0.9601,May 2023,06/16/2023
1070011,Orange School District,High Needs,Students With High Needs,283,0.9411,287,0.9378,298,0.9644,283,0.9514,May 2023,06/16/2023
1080011,Oxford School District,,All Students,1636,0.9518,1692,0.9421,1623,0.9328,1699,0.9491,May 2023,06/16/2023
1080011,Oxford School District,Students With Disabilities,Students With Disabilities,230,0.9415,241,0.9365,221,0.9131,198,0.9485,May 2023,06/16/2023
1080011,Oxford School District,Free/Reduced Lunch,Free Meal Eligible,192,0.9279,213,0.9199,182,0.8767,207,0.9211,May 2023,06/16/2023
1080011,Oxford School District,Free/Reduced Lunch,Reduced Price Meal Eligible,32,0.96,33,0.9285,31,0.9277,39,0.9475,May 2023,06/16/2023
1080011,Oxford School District,Free/Reduced Lunch,Free/Reduced Price Meal Eligible,224,0.9324,246,0.9211,213,0.884,246,0.9253,May 2023,06/16/2023
1080011,Oxford School District,English Learners,English Learners,25,0.9574,40,0.9455,53,0.9333,51,0.9439,May 2023,06/16/2023
1080011,Oxford School District,Race/Ethnicity,All other races,73,0.951,66,0.949,67,0.9294,69,0.9452,May 2023,06/16/2023
1080011,Oxford School District,Race/Ethnicity,Black or African American,43,0.9484,33,0.9316,27,0.8484,22,0.9493,May 2023,06/16/2023
1080011,Oxford School District,Race/Ethnicity,Hispanic/Latino of any race,161,0.9518,159,0.9309,137,0.9189,152,0.9395,May 2023,06/16/2023
1080011,Oxford School District,Race/Ethnicity,White,1359,0.952,1434,0.9432,1392,0.9357,1456,0.9503,May 2023,06/16/2023
1080011,Oxford School District,High Needs,Students Without High Needs,1219,0.9561,1245,0.946,1207,0.9434,1275,0.9528,May 2023,06/16/2023
1080011,Oxford School District,High Needs,Students With High Needs,417,0.9395,447,0.9311,416,0.9016,424,0.9379,May 2023,06/16/2023
1090011,Plainfield School District,,All Students,1859,0.9165,1860,0.9183,1911,0.9103,2019,0.9419,May 2023,06/16/2023
1090011,Plainfield School District,Students With Disabilities,Students With Disabilities,329,0.8962,340,0.8989,333,0.8783,345,0.9249,May 2023,06/16/2023
1090011,Plainfield School District,Free/Reduced Lunch,Free Meal Eligible,852,0.9005,880,0.8985,873,0.8777,990,0.9316,May 2023,06/16/2023
1090011,Plainfield School District,Free/Reduced Lunch,Reduced Price Meal Eligible,158,0.9232,154,0.9304,172,0.911,183,0.9376,May 2023,06/16/2023
1090011,Plainfield School District,Free/Reduced Lunch,Free/Reduced Price Meal Eligible,1010,0.904,1034,0.9033,1045,0.8833,1173,0.9326,May 2023,06/16/2023
1090011,Plainfield School District,English Learners,English Learners,30,0.902,34,0.9053,36,0.866,37,0.9216,May 2023,06/16/2023
1090011,Plainfield School District,Race/Ethnicity,All other races,103,0.903,89,0.8945,89,0.9113,84,0.9403,May 2023,06/16/2023
1090011,Plainfield School District,Race/Ethnicity,Black or African American,62,0.9357,66,0.9273,84,0.9238,87,0.9556,May 2023,06/16/2023
1090011,Plainfield School District,Race/Ethnicity,Hispanic/Latino of any race,185,0.9077,174,0.9089,134,0.8795,129,0.9323,May 2023,06/16/2023
1090011,Plainfield School District,Race/Ethnicity,White,1509,0.9177,1531,0.9203,1604,0.9119,1719,0.942,May 2023,06/16/2023
1090011,Plainfield School District,High Needs,Students Without High Needs,738,0.9325,710,0.9383,747,0.9456,747,0.9559,May 2023,06/16/2023
1090011,Plainfield School District,High Needs,Students With High Needs,1121,0.9063,1150,0.9059,1164,0.8873,1272,0.9335,May 2023,06/16/2023
1100011,Plainville School District,,All Students,2160,0.9275,2168,0.9262,2166,0.9343,2251,0.9513,May 2023,06/16/2023
1100011,Plainville School District,Students With Disabilities,Students With Disabilities,295,0.917,305,0.8952,308,0.8986,301,0.9316,May 2023,06/16/2023
1100011,Plainville School District,Free/Reduced Lunch,Free Meal Eligible,698,0.9075,705,0.9047,682,0.9102,727,0.9385,May 2023,06/16/2023
1100011,Plainville School District,Free/Reduced Lunch,Reduced Price Meal Eligible,199,0.9283,176,0.9229,175,0.931,165,0.9468,May 2023,06/16/2023
1100011,Plainville School District,Free/Reduced Lunch,Free/Reduced Price Meal Eligible,897,0.9121,881,0.9084,857,0.9145,892,0.9401,May 2023,06/16/2023
1100011,Plainville School District,English Learners,English Learners,168,0.9262,162,0.9192,172,0.9181,166,0.9537,May 2023,06/16/2023
1100011,Plainville School District,Race/Ethnicity,All other races,166,0.9267,167,0.9364,165,0.9377,175,0.9544,May 2023,06/16/2023
1100011,Plainville School District,Race/Ethnicity,Black or African American,123,0.9239,116,0.9181,105,0.9134,102,0.9472,May 2023,06/16/2023
1100011,Plainville School District,Race/Ethnicity,Hispanic/Latino of any race,508,0.9152,488,0.9039,470,0.9074,450,0.9441,May 2023,06/16/2023
1100011,Plainville School District,Race/Ethnicity,White,1363,0.9325,1397,0.9333,1426,0.9443,1524,0.9533,May 2023,06/16/2023
1100011,Plainville School District,High Needs,Students Without High Needs,1057,0.94,1081,0.9426,1101,0.9515,1151,0.9608,May 2023,06/16/2023
1100011,Plainville School District,High Needs,Students With High Needs,1103,0.9157,1087,0.9095,1065,0.9164,1100,0.9411,May 2023,06/16/2023
1110011,Plymouth School District,,All Students,1210,0.9143,1245,0.9033,1244,0.8986,1294,0.9394,May 2023,06/16/2023
1110011,Plymouth School District,Students With Disabilities,Students With Disabilities,255,0.8816,271,0.8764,248,0.8571,233,0.9121,May 2023,06/16/2023
1110011,Plymouth School District,Free/Reduced Lunch,Free Meal Eligible,441,0.8873,448,0.8749,424,0.8603,488,0.9247,May 2023,06/16/2023
1110011,Plymouth School District,Free/Reduced Lunch,Reduced Price Meal Eligible,112,0.9078,108,0.9051,99,0.9032,112,0.9386,May 2023,06/16/2023
1110011,Plymouth School District,Free/Reduced Lunch,Free/Reduced Price Meal Eligible,553,0.8915,556,0.8808,523,0.8684,600,0.9274,May 2023,06/16/2023
1110011,Plymouth School District,English Learners,English Learners,38,0.9127,27,0.9174,25,0.8773,23,0.9368,May 2023,06/16/2023
1110011,Plymouth School District,Race/Ethnicity,Hispanic/Latino of any race,182,0.9211,181,0.9054,163,0.8675,153,0.9268,May 2023,06/16/2023
1110011,Plymouth School District,Race/Ethnicity,White,916,0.9174,956,0.9061,988,0.9052,1053,0.9412,May 2023,06/16/2023
1110011,Plymouth School District,High Needs,Students Without High Needs,546,0.9363,574,0.9245,612,0.927,607,0.9514,May 2023,06/16/2023
1110011,Plymouth School District,High Needs,Students With High Needs,664,0.8965,671,0.8846,632,0.8714,687,0.9286,May 2023,06/16/2023
1120011,Pomfret School District,,All Students,342,0.9343,351,0.9411,331,0.9791,370,0.9593,May 2023,06/16/2023
1120011,Pomfret School District,Students With Disabilities,Students With Disabilities,46,0.932,45,0.9403,43,0.9651,37,0.9487,May 2023,06/16/2023
1120011,Pomfret School District,Free/Reduced Lunch,Free/Reduced Price Meal Eligible,80,0.9249,79,0.9234,73,0.9589,83,0.952,May 2023,06/16/2023
1120011,Pomfret School District,Race/Ethnicity,White,317,0.9344,326,0.942,313,0.9788,347,0.9589,May 2023,06/16/2023
1120011,Pomfret School District,High Needs,Students Without High Needs,228,0.9393,240,0.947,228,0.9857,259,0.9627,May 2023,06/16/2023
1120011,Pomfret School District,High Needs,Students With High Needs,114,0.9249,111,0.9281,103,0.9639,111,0.9516,May 2023,06/16/2023
1130011,Portland School District,,All Students,1200,0.933,1209,0.9376,1249,0.9488,1284,0.9536,May 2023,06/16/2023
1130011,Portland School District,Students With Disabilities,Students With Disabilities,216,0.904,228,0.9088,204,0.9085,177,0.9255,May 2023,06/16/2023
1130011,Portland School District,Free/Reduced Lunch,Free Meal Eligible,259,0.8995,266,0.9045,267,0.8974,311,0.9333,May 2023,06/16/2023
1130011,Portland School District,Free/Reduced Lunch,Reduced Price Meal Eligible,66,0.9243,49,0.9231,39,0.9319,53,0.9411,May 2023,06/16/2023
1130011,Portland School District,Free/Reduced Lunch,Free/Reduced Price Meal Eligible,325,0.9045,315,0.9074,306,0.9018,364,0.9344,May 2023,06/16/2023
1130011,Portland School District,English Learners,English Learners,47,0.923,43,0.9196,41,0.9201,44,0.9436,May 2023,06/16/2023
1130011,Portland School District,Race/Ethnicity,All other races,77,0.9348,83,0.9387,90,0.9292,94,0.9485,May 2023,06/16/2023
1130011,Portland School District,Race/Ethnicity,Black or African American,49,0.9036,40,0.891,39,0.9004,42,0.932,May 2023,06/16/2023
1130011,Portland School District,Race/Ethnicity,Hispanic/Latino of any race,220,0.9137,211,0.9157,184,0.9263,183,0.9409,May 2023,06/16/2023
1130011,Portland School District,Race/Ethnicity,White,854,0.9395,875,0.9448,936,0.957,965,0.9574,May 2023,06/16/2023
1130011,Portland School District,High Needs,Students Without High Needs,746,0.9469,765,0.9508,830,0.967,838,0.9623,May 2023,06/16/2023
1130011,Portland School District,High Needs,Students With High Needs,454,0.9104,444,0.9142,419,0.9124,446,0.9369,May 2023,06/16/2023
1140011,Preston School District,,All Students,402,0.9366,383,0.9092,385,0.9509,413,0.9534,May 2023,06/16/2023
1140011,Preston School District,Students With Disabilities,Students With Disabilities,51,0.9431,56,0.9219,62,0.937,61,0.9583,May 2023,06/16/2023
1140011,Preston School District,Free/Reduced Lunch,Free Meal Eligible,78,0.9307,92,0.8945,78,0.9318,96,0.9394,May 2023,06/16/2023
1140011,Preston School District,Free/Reduced Lunch,Reduced Price Meal Eligible,24,0.9301,27,0.9053,29,0.9522,36,0.9401,May 2023,06/16/2023
1140011,Preston School District,Free/Reduced Lunch,Free/Reduced Price Meal Eligible,102,0.9306,119,0.897,107,0.9374,132,0.9396,May 2023,06/16/2023
1140011,Preston School District,Race/Ethnicity,Hispanic/Latino of any race,34,0.9441,34,0.9176,31,0.9336,,,May 2023,06/16/2023
1140011,Preston School District,Race/Ethnicity,White,332,0.9341,310,0.9069,318,0.9525,346,0.9537,May 2023,06/16/2023
1140011,Preston School District,High Needs,Students Without High Needs,264,0.9373,229,0.9127,235,0.9573,243,0.9601,May 2023,06/16/2023
1140011,Preston School District,High Needs,Students With High Needs,138,0.9353,154,0.9039,150,0.9408,170,0.9437,May 2023,06/16/2023
1160011,Putnam School District,,All Students,1073,0.9117,1063,0.8882,1042,0.8986,1069,0.9398,May 2023,06/16/2023
1160011,Putnam School District,Students With Disabilities,Students With Disabilities,196,0.8805,220,0.8034,224,0.8592,210,0.9218,May 2023,06/16/2023
1160011,Putnam School District,Free/Reduced Lunch,Free Meal Eligible,485,0.8977,491,0.8696,515,0.8697,570,0.9312,May 2023,06/16/2023
1160011,Putnam School District,Free/Reduced Lunch,Reduced Price Meal Eligible,73,0.9275,71,0.8793,68,0.87,83,0.9331,May 2023,06/16/2023
1160011,Putnam School District,Free/Reduced Lunch,Free/Reduced Price Meal Eligible,558,0.9015,562,0.8709,583,0.8697,653,0.9315,May 2023,06/16/2023
1160011,Putnam School District,English Learners,English Learners,43,0.9081,49,0.8908,43,0.8546,44,0.935,May 2023,06/16/2023
1160011,Putnam School District,Race/Ethnicity,All other races,25,0.9027,73,0.8565,,,,,May 2023,06/16/2023
1160011,Putnam School District,Race/Ethnicity,Black or African American,20,0.9378,20,0.908,,,,,May 2023,06/16/2023
1160011,Putnam School District,Race/Ethnicity,Hispanic/Latino of any race,158,0.899,158,0.8676,150,0.863,141,0.9329,May 2023,06/16/2023
1160011,Putnam School District,Race/Ethnicity,White,870,0.9137,812,0.8946,808,0.9061,836,0.9406,May 2023,06/16/2023
1160011,Putnam School District,High Needs,Students Without High Needs,429,0.9281,405,0.9298,375,0.941,354,0.9537,May 2023,06/16/2023
1160011,Putnam School District,High Needs,Students With High Needs,644,0.9011,658,0.8622,667,0.874,715,0.9329,May 2023,06/16/2023
1170011,Redding School District,,All Students,797,0.9374,789,0.9511,782,0.9702,781,0.9579,May 2023,06/16/2023
1170011,Redding School District,Students With Disabilities,Students With Disabilities,109,0.9369,116,0.9461,118,0.9607,124,0.9587,May 2023,06/16/2023
1170011,Redding School District,Free/Reduced Lunch,Free/Reduced Price Meal Eligible,68,0.9336,95,0.9495,88,0.9589,77,0.9537,May 2023,06/16/2023
1170011,Redding School District,Race/Ethnicity,Hispanic/Latino of any race,100,0.9315,86,0.9495,91,0.9631,79,0.9594,May 2023,06/16/2023
1170011,Redding School District,Race/Ethnicity,White,633,0.9382,649,0.9511,629,0.9707,637,0.9575,May 2023,06/16/2023
1170011,Redding School District,High Needs,Students Without High Needs,627,0.9381,591,0.9526,591,0.973,590,0.9577,May 2023,06/16/2023
1170011,Redding School District,High Needs,Students With High Needs,170,0.9348,198,0.9465,191,0.9613,191,0.9585,May 2023,06/16/2023
1180011,Ridgefield School District,,All Students,4507,0.9438,4532,0.9453,4543,0.9754,4661,0.9543,May 2023,06/16/2023
1180011,Ridgefield School District,Students With Disabilities,Students With Disabilities,726,0.9296,733,0.9298,696,0.954,634,0.9397,May 2023,06/16/2023
1180011,Ridgefield School District,Free/Reduced Lunch,Free Meal Eligible,246,0.9263,256,0.9258,219,0.957,224,0.9393,May 2023,06/16/2023
1180011,Ridgefield School District,Free/Reduced Lunch,Reduced Price Meal Eligible,72,0.9383,55,0.9464,61,0.9618,55,0.9476,May 2023,06/16/2023
1180011,Ridgefield School District,Free/Reduced Lunch,Free/Reduced Price Meal Eligible,318,0.929,311,0.9295,280,0.9581,279,0.941,May 2023,06/16/2023
1180011,Ridgefield School District,English Learners,English Learners,84,0.9415,56,0.9415,53,0.9727,61,0.9452,May 2023,06/16/2023
1180011,Ridgefield School District,Race/Ethnicity,All other races,516,0.9543,514,0.9517,498,0.9828,506,0.9576,May 2023,06/16/2023
1180011,Ridgefield School District,Race/Ethnicity,Black or African American,33,0.9411,32,0.9537,29,0.9703,30,0.9529,May 2023,06/16/2023
1180011,Ridgefield School District,Race/Ethnicity,Hispanic/Latino of any race,408,0.9409,395,0.939,391,0.969,358,0.9484,May 2023,06/16/2023
1180011,Ridgefield School District,Race/Ethnicity,White,3550,0.9426,3591,0.945,3625,0.9751,3767,0.9545,May 2023,06/16/2023
1180011,Ridgefield School District,High Needs,Students Without High Needs,3487,0.9472,3537,0.9489,3599,0.9802,3768,0.9577,May 2023,06/16/2023
1180011,Ridgefield School District,High Needs,Students With High Needs,1020,0.9323,995,0.9325,944,0.957,893,0.9402,May 2023,06/16/2023
1190011,Rocky Hill School District,,All Students,2439,0.9407,2483,0.9437,2556,0.9766,2615,0.9618,May 2023,06/16/2023
1190011,Rocky Hill School District,Students With Disabilities,Students With Disabilities,316,0.9223,348,0.9221,325,0.9625,315,0.9473,May 2023,06/16/2023
1190011,Rocky Hill School District,Free/Reduced Lunch,Free Meal Eligible,378,0.9223,427,0.9088,435,0.9488,446,0.944,May 2023,06/16/2023
1190011,Rocky Hill School District,Free/Reduced Lunch,Reduced Price Meal Eligible,87,0.9411,64,0.9351,61,0.97,92,0.9604,May 2023,06/16/2023
1190011,Rocky Hill School District,Free/Reduced Lunch,Free/Reduced Price Meal Eligible,465,0.9258,491,0.9122,496,0.9514,538,0.9468,May 2023,06/16/2023
1190011,Rocky Hill School District,English Learners,English Learners,200,0.943,193,0.9404,204,0.9818,214,0.9655,May 2023,06/16/2023
1190011,Rocky Hill School District,Race/Ethnicity,All other races,783,0.948,798,0.9535,856,0.9863,883,0.9666,May 2023,06/16/2023
1190011,Rocky Hill School District,Race/Ethnicity,Black or African American,93,0.9354,87,0.9422,85,0.9622,80,0.9596,May 2023,06/16/2023
1190011,Rocky Hill School District,Race/Ethnicity,Hispanic/Latino of any race,288,0.9207,297,0.9178,269,0.9513,260,0.9412,May 2023,06/16/2023
1190011,Rocky Hill School District,Race/Ethnicity,White,1275,0.9411,1301,0.9436,1346,0.9763,1392,0.9626,May 2023,06/16/2023
1190011,Rocky Hill School District,High Needs,Students Without High Needs,1634,0.9463,1646,0.9535,1720,0.9834,1736,0.9669,May 2023,06/16/2023
1190011,Rocky Hill School District,High Needs,Students With High Needs,805,0.9297,837,0.9239,836,0.9622,879,0.9514,May 2023,06/16/2023
1210011,Salem School District,,All Students,379,0.9383,385,0.9452,372,0.9573,414,0.9552,May 2023,06/16/2023
1210011,Salem School District,Students With Disabilities,Students With Disabilities,61,0.9228,63,0.938,57,0.9465,62,0.9637,May 2023,06/16/2023
1210011,Salem School District,Free/Reduced Lunch,Free/Reduced Price Meal Eligible,77,0.9107,72,0.9162,75,0.9258,86,0.944,May 2023,06/16/2023
1210011,Salem School District,Race/Ethnicity,Hispanic/Latino of any race,34,0.9256,31,0.9374,,,32,0.9541,May 2023,06/16/2023
1210011,Salem School District,Race/Ethnicity,White,311,0.9394,321,0.9459,305,0.9565,347,0.9555,May 2023,06/16/2023
1210011,Salem School District,High Needs,Students Without High Needs,263,0.9473,273,0.9528,259,0.9682,293,0.9568,May 2023,06/16/2023
1210011,Salem School District,High Needs,Students With High Needs,116,0.9182,112,0.9261,113,0.932,121,0.9511,May 2023,06/16/2023
1220011,Salisbury School District,,All Students,291,0.9309,282,0.9408,294,0.9657,264,0.9528,May 2023,06/16/2023
1220011,Salisbury School District,Students With Disabilities,Students With Disabilities,37,0.936,32,0.9232,28,0.9578,25,0.9305,May 2023,06/16/2023
1220011,Salisbury School District,Free/Reduced Lunch,Free/Reduced Price Meal Eligible,49,0.9207,51,0.9306,44,0.948,59,0.9319,May 2023,06/16/2023
1220011,Salisbury School District,Race/Ethnicity,Hispanic/Latino of any race,34,0.9215,31,0.9358,29,0.9511,,,May 2023,06/16/2023
1220011,Salisbury School District,Race/Ethnicity,White,228,0.9317,221,0.9422,232,0.9687,211,0.9519,May 2023,06/16/2023
1220011,Salisbury School District,High Needs,Students Without High Needs,213,0.9318,205,0.9436,224,0.9703,187,0.9584,May 2023,06/16/2023
1220011,Salisbury School District,High Needs,Students With High Needs,78,0.9282,77,0.9331,70,0.9508,77,0.9389,May 2023,06/16/2023
1230011,Scotland School District,,All Students,78,0.9319,86,0.913,82,0.9529,88,0.9656,May 2023,06/16/2023
1230011,Scotland School District,Students With Disabilities,Students With Disabilities,20,0.9251,24,0.9127,20,0.938,,,May 2023,06/16/2023
1230011,Scotland School District,Free/Reduced Lunch,Free/Reduced Price Meal Eligible,29,0.9289,32,0.9132,29,0.9441,35,0.9665,May 2023,06/16/2023
1230011,Scotland School District,Race/Ethnicity,White,70,0.9338,78,0.9154,,,,,May 2023,06/16/2023
1230011,Scotland School District,High Needs,Students Without High Needs,38,0.9344,39,0.9179,39,0.9606,43,0.9657,May 2023,06/16/2023
1230011,Scotland School District,High Needs,Students With High Needs,40,0.9294,47,0.9088,43,0.9457,45,0.9656,May 2023,06/16/2023
1240011,Seymour School District,,All Students,2061,0.9293,2076,0.9058,2076,0.9478,2175,0.9498,May 2023,06/16/2023
1240011,Seymour School District,Students With Disabilities,Students With Disabilities,304,0.9098,324,0.8795,316,0.9121,318,0.9314,May 2023,06/16/2023
1240011,Seymour School District,Free/Reduced Lunch,Free Meal Eligible,670,0.9135,647,0.9025,688,0.921,669,0.9329,May 2023,06/16/2023
1240011,Seymour School District,Free/Reduced Lunch,Reduced Price Meal Eligible,204,0.9302,165,0.9277,187,0.9507,184,0.946,May 2023,06/16/2023
1240011,Seymour School District,Free/Reduced Lunch,Free/Reduced Price Meal Eligible,874,0.9175,812,0.9078,875,0.9274,853,0.9357,May 2023,06/16/2023
1240011,Seymour School District,English Learners,English Learners,131,0.9285,120,0.8723,88,0.9397,85,0.9466,May 2023,06/16/2023
1240011,Seymour School District,Race/Ethnicity,All other races,112,0.942,118,0.906,125,0.9305,127,0.9466,May 2023,06/16/2023
1240011,Seymour School District,Race/Ethnicity,Black or African American,146,0.9346,143,0.9076,117,0.9506,112,0.9571,May 2023,06/16/2023
1240011,Seymour School District,Race/Ethnicity,Hispanic/Latino of any race,450,0.9058,432,0.8797,370,0.9265,372,0.942,May 2023,06/16/2023
1240011,Seymour School District,Race/Ethnicity,White,1353,0.9355,1383,0.9135,1464,0.9543,1564,0.9513,May 2023,06/16/2023
1240011,Seymour School District,High Needs,Students Without High Needs,1027,0.9405,1066,0.9145,1038,0.967,1151,0.9607,May 2023,06/16/2023
1240011,Seymour School District,High Needs,Students With High Needs,1034,0.9185,1010,0.8963,1038,0.9284,1024,0.9374,May 2023,06/16/2023
1250011,Sharon School District,,All Students,100,0.9386,99,0.93,109,0.9613,96,0.9578,May 2023,06/16/2023
1250011,Sharon School District,Free/Reduced Lunch,Free/Reduced Price Meal Eligible,38,0.9416,46,0.9311,42,0.9557,39,0.9578,May 2023,06/16/2023
1250011,Sharon School District,Race/Ethnicity,White,86,0.9392,85,0.9325,89,0.9617,84,0.9565,May 2023,06/16/2023
1250011,Sharon School District,High Needs,Students Without High Needs,52,0.9409,40,0.9444,53,0.97,47,0.9627,May 2023,06/16/2023
1250011,Sharon School District,High Needs,Students With High Needs,48,0.9363,59,0.9204,56,0.953,49,0.9531,May 2023,06/16/2023
1260011,Shelton School District,,All Students,4432,0.9324,4386,0.9388,4340,0.9557,4601,0.9535,May 2023,06/16/2023
1260011,Shelton School District,Students With Disabilities,Students With Disabilities,658,0.9222,671,0.9194,634,0.935,663,0.9435,May 2023,06/16/2023
1260011,Shelton School District,Free/Reduced Lunch,Free Meal Eligible,1102,0.9153,1065,0.9199,1023,0.9251,1175,0.9425,May 2023,06/16/2023
1260011,Shelton School District,Free/Reduced Lunch,Reduced Price Meal Eligible,290,0.9263,218,0.9368,227,0.9457,240,0.9478,May 2023,06/16/2023
1260011,Shelton School District,Free/Reduced Lunch,Free/Reduced Price Meal Eligible,1392,0.9176,1283,0.9228,1250,0.9288,1415,0.9434,May 2023,06/16/2023
1260011,Shelton School District,English Learners,English Learners,319,0.9296,318,0.9432,280,0.9482,260,0.9578,May 2023,06/16/2023
1260011,Shelton School District,Race/Ethnicity,All other races,429,0.9312,423,0.9507,404,0.9695,411,0.9631,May 2023,06/16/2023
1260011,Shelton School District,Race/Ethnicity,Black or African American,372,0.9446,329,0.9492,305,0.9513,323,0.9565,May 2023,06/16/2023
1260011,Shelton School District,Race/Ethnicity,Hispanic/Latino of any race,1015,0.9226,970,0.9269,822,0.9387,790,0.9489,May 2023,06/16/2023
1260011,Shelton School District,Race/Ethnicity,White,2616,0.9347,2664,0.9398,2809,0.9591,3077,0.9531,May 2023,06/16/2023
1260011,Shelton School District,High Needs,Students Without High Needs,2562,0.9409,2595,0.9481,2630,0.9683,2741,0.9586,May 2023,06/16/2023
1260011,Shelton School District,High Needs,Students With High Needs,1870,0.921,1791,0.925,1710,0.9361,1860,0.9459,May 2023,06/16/2023
1270011,Sherman School District,,All Students,239,0.9304,247,0.9405,250,0.962,251,0.9544,May 2023,06/16/2023
1270011,Sherman School District,Students With Disabilities,Students With Disabilities,32,0.9135,36,0.9296,39,0.9504,44,0.9498,May 2023,06/16/2023
1270011,Sherman School District,Race/Ethnicity,Hispanic/Latino of any race,22,0.933,21,0.9543,,,,,May 2023,06/16/2023
1270011,Sherman School District,Race/Ethnicity,White,197,0.9301,207,0.9393,213,0.9605,219,0.9529,May 2023,06/16/2023
1270011,Sherman School District,High Needs,Students Without High Needs,201,0.9335,204,0.943,203,0.9647,197,0.9551,May 2023,06/16/2023
1270011,Sherman School District,High Needs,Students With High Needs,38,0.914,43,0.9288,47,0.9503,54,0.9518,May 2023,06/16/2023
1280011,Simsbury School District,,All Students,4075,0.9414,4069,0.9422,4003,0.974,4035,0.9571,May 2023,06/16/2023
1280011,Simsbury School District,Students With Disabilities,Students With Disabilities,641,0.9244,675,0.9166,615,0.9524,591,0.9477,May 2023,06/16/2023
1280011,Simsbury School District,Free/Reduced Lunch,Free Meal Eligible,516,0.9177,509,0.9132,499,0.9462,423,0.9446,May 2023,06/16/2023
1280011,Simsbury School District,Free/Reduced Lunch,Reduced Price Meal Eligible,99,0.9383,96,0.9291,116,0.9661,160,0.9569,May 2023,06/16/2023
1280011,Simsbury School District,Free/Reduced Lunch,Free/Reduced Price Meal Eligible,615,0.921,605,0.9157,615,0.95,583,0.948,May 2023,06/16/2023
1280011,Simsbury School District,English Learners,English Learners,75,0.931,76,0.9309,72,0.9516,80,0.9544,May 2023,06/16/2023
1280011,Simsbury School District,Race/Ethnicity,All other races,490,0.9483,476,0.951,459,0.9808,464,0.9602,May 2023,06/16/2023
1280011,Simsbury School District,Race/Ethnicity,Black or African American,233,0.9297,239,0.9229,230,0.9461,231,0.9562,May 2023,06/16/2023
1280011,Simsbury School District,Race/Ethnicity,Hispanic/Latino of any race,458,0.932,456,0.9306,438,0.9625,381,0.9508,May 2023,06/16/2023
1280011,Simsbury School District,Race/Ethnicity,White,2894,0.9426,2898,0.9442,2876,0.9769,2959,0.9575,May 2023,06/16/2023
1280011,Simsbury School District,High Needs,Students Without High Needs,2953,0.9471,2932,0.9503,2906,0.9811,2964,0.9599,May 2023,06/16/2023
1280011,Simsbury School District,High Needs,Students With High Needs,1122,0.9266,1137,0.9214,1097,0.955,1071,0.9494,May 2023,06/16/2023
1290011,Somers School District,,All Students,1318,0.94,1319,0.9471,1300,0.9598,1318,0.955,May 2023,06/16/2023
1290011,Somers School District,Students With Disabilities,Students With Disabilities,186,0.9254,195,0.9286,216,0.9357,201,0.942,May 2023,06/16/2023
1290011,Somers School District,Free/Reduced Lunch,Free/Reduced Price Meal Eligible,78,0.9202,104,0.9192,105,0.9154,153,0.9358,May 2023,06/16/2023
1290011,Somers School District,Race/Ethnicity,All other races,44,0.9399,42,0.9453,42,0.9575,40,0.9496,May 2023,06/16/2023
1290011,Somers School District,Race/Ethnicity,Black or African American,30,0.924,30,0.9346,38,0.9251,40,0.9475,May 2023,06/16/2023
1290011,Somers School District,Race/Ethnicity,Hispanic/Latino of any race,77,0.9283,66,0.9279,60,0.9359,65,0.9508,May 2023,06/16/2023
1290011,Somers School District,Race/Ethnicity,White,1167,0.9412,1181,0.9486,1160,0.9622,1173,0.9557,May 2023,06/16/2023
1290011,Somers School District,High Needs,Students Without High Needs,1068,0.9436,1050,0.9522,1015,0.9666,1017,0.959,May 2023,06/16/2023
1290011,Somers School District,High Needs,Students With High Needs,250,0.9249,269,0.9273,285,0.9347,301,0.9416,May 2023,06/16/2023
1310011,Southington School District,,All Students,6206,0.938,6171,0.942,6113,0.9638,6235,0.9527,May 2023,06/16/2023
1310011,Southington School District,Students With Disabilities,Students With Disabilities,932,0.9108,983,0.9123,942,0.9293,920,0.9301,May 2023,06/16/2023
1310011,Southington School District,Free/Reduced Lunch,Free Meal Eligible,1206,0.9116,1160,0.9123,1140,0.9275,1167,0.9299,May 2023,06/16/2023
1310011,Southington School District,Free/Reduced Lunch,Reduced Price Meal Eligible,276,0.9265,242,0.9338,254,0.9568,270,0.9463,May 2023,06/16/2023
1310011,Southington School District,Free/Reduced Lunch,Free/Reduced Price Meal Eligible,1482,0.9144,1402,0.9161,1394,0.9329,1437,0.933,May 2023,06/16/2023
1310011,Southington School District,English Learners,English Learners,176,0.9316,155,0.9338,151,0.9413,135,0.9497,May 2023,06/16/2023
1310011,Southington School District,Race/Ethnicity,All other races,595,0.9398,565,0.9448,512,0.9639,514,0.9538,May 2023,06/16/2023
1310011,Southington School District,Race/Ethnicity,Black or African American,160,0.9334,147,0.9321,158,0.9539,150,0.9622,May 2023,06/16/2023
1310011,Southington School District,Race/Ethnicity,Hispanic/Latino of any race,760,0.9183,694,0.9215,653,0.9332,620,0.9396,May 2023,06/16/2023
1310011,Southington School District,Race/Ethnicity,White,4691,0.941,4765,0.9449,4790,0.9681,4951,0.9539,May 2023,06/16/2023
1310011,Southington School District,High Needs,Students Without High Needs,4119,0.9483,4125,0.9534,4105,0.9759,4186,0.9607,May 2023,06/16/2023
1310011,Southington School District,High Needs,Students With High Needs,2087,0.9178,2046,0.9186,2008,0.9382,2049,0.936,May 2023,06/16/2023
1320011,South Windsor School District,,All Students,4813,0.9472,4710,0.9481,4515,0.9764,4510,0.9598,May 2023,06/16/2023
1320011,South Windsor School District,Students With Disabilities,Students With Disabilities,579,0.9286,606,0.9206,594,0.9473,582,0.946,May 2023,06/16/2023
1320011,South Windsor School District,Free/Reduced Lunch,Free Meal Eligible,606,0.9247,628,0.9204,609,0.9463,642,0.9405,May 2023,06/16/2023
1320011,South Windsor School District,Free/Reduced Lunch,Reduced Price Meal Eligible,192,0.9467,199,0.9466,162,0.9668,151,0.9577,May 2023,06/16/2023
1320011,South Windsor School District,Free/Reduced Lunch,Free/Reduced Price Meal Eligible,798,0.9301,827,0.9267,771,0.9506,793,0.9438,May 2023,06/16/2023
1320011,South Windsor School District,English Learners,English Learners,400,0.9391,369,0.9389,328,0.9749,324,0.9526,May 2023,06/16/2023
1320011,South Windsor School District,Race/Ethnicity,All other races,1740,0.9514,1627,0.953,1466,0.9846,1387,0.9632,May 2023,06/16/2023
1320011,South Windsor School District,Race/Ethnicity,Black or African American,287,0.9378,274,0.9313,274,0.9527,278,0.9497,May 2023,06/16/2023
1320011,South Windsor School District,Race/Ethnicity,Hispanic/Latino of any race,508,0.938,462,0.9352,431,0.9635,410,0.9523,May 2023,06/16/2023
1320011,South Windsor School District,Race/Ethnicity,White,2278,0.9473,2347,0.9493,2344,0.9764,2435,0.9602,May 2023,06/16/2023
1320011,South Windsor School District,High Needs,Students Without High Needs,3356,0.9532,3235,0.9558,3131,0.9843,3125,0.9645,May 2023,06/16/2023
1320011,South Windsor School District,High Needs,Students With High Needs,1457,0.9337,1475,0.9311,1384,0.9584,1385,0.9489,May 2023,06/16/2023
1330011,Sprague School District,,All Students,254,0.9215,248,0.9132,246,0.9179,257,0.9446,May 2023,06/16/2023
1330011,Sprague School District,Students With Disabilities,Students With Disabilities,40,0.9103,43,0.8899,41,0.8999,49,0.9193,May 2023,06/16/2023
1330011,Sprague School District,Free/Reduced Lunch,Free Meal Eligible,113,0.9157,141,0.9081,128,0.8903,129,0.9369,May 2023,06/16/2023
1330011,Sprague School District,Free/Reduced Lunch,Reduced Price Meal Eligible,26,0.9115,23,0.9083,32,0.9402,34,0.9569,May 2023,06/16/2023
1330011,Sprague School District,Free/Reduced Lunch,Free/Reduced Price Meal Eligible,139,0.915,164,0.9081,160,0.9007,163,0.9412,May 2023,06/16/2023
1330011,Sprague School District,Race/Ethnicity,Hispanic/Latino of any race,46,0.8995,,,,,39,0.939,May 2023,06/16/2023
1330011,Sprague School District,Race/Ethnicity,White,160,0.923,163,0.9096,159,0.9286,177,0.942,May 2023,06/16/2023
1330011,Sprague School District,High Needs,Students Without High Needs,100,0.9326,74,0.9283,72,0.9558,74,0.9623,May 2023,06/16/2023
1330011,Sprague School District,High Needs,Students With High Needs,154,0.9148,174,0.9069,174,0.9019,183,0.9371,May 2023,06/16/2023
1340011,Stafford School District,,All Students,1285,0.917,1303,0.9282,1296,0.9437,1371,0.9482,May 2023,06/16/2023
1340011,Stafford School District,Students With Disabilities,Students With Disabilities,238,0.8959,257,0.9026,230,0.9069,218,0.9388,May 2023,06/16/2023
1340011,Stafford School District,Free/Reduced Lunch,Free/Reduced Price Meal Eligible,92,0.8833,480,0.9071,574,0.9219,587,0.9385,May 2023,06/16/2023
1340011,Stafford School District,Race/Ethnicity,Hispanic/Latino of any race,112,0.8963,128,0.9213,105,0.9359,109,0.9376,May 2023,06/16/2023
1340011,Stafford School District,Race/Ethnicity,White,1100,0.9199,1098,0.9292,1122,0.9443,1183,0.9495,May 2023,06/16/2023
1340011,Stafford School District,High Needs,Students Without High Needs,977,0.9235,694,0.9424,625,0.9654,692,0.9559,May 2023,06/16/2023
1340011,Stafford School District,High Needs,Students With High Needs,308,0.8968,609,0.9119,671,0.9233,679,0.9401,May 2023,06/16/2023
1350011,Stamford School District,,All Students,15938,0.9166,15972,0.916,15816,0.9361,16311,0.9469,May 2023,06/16/2023
1350011,Stamford School District,Homelessness,Students Experiencing Homelessness,80,0.8619,90,0.8546,74,0.8482,75,0.8648,May 2023,06/16/2023
1350011,Stamford School District,Students With Disabilities,Students With Disabilities,2311,0.892,2507,0.8925,2329,0.9072,2344,0.9293,May 2023,06/16/2023
1350011,Stamford School District,Free/Reduced Lunch,Free Meal Eligible,6498,0.905,7168,0.8995,7144,0.9204,8008,0.9401,May 2023,06/16/2023
1350011,Stamford School District,Free/Reduced Lunch,Reduced Price Meal Eligible,1582,0.923,1293,0.9275,1199,0.9423,1620,0.9503,May 2023,06/16/2023
1350011,Stamford School District,Free/Reduced Lunch,Free/Reduced Price Meal Eligible,8080,0.9085,8461,0.9038,8343,0.9236,9628,0.9418,May 2023,06/16/2023
1350011,Stamford School District,English Learners,English Learners,2348,0.8935,2495,0.8918,2157,0.886,2444,0.934,May 2023,06/16/2023
1350011,Stamford School District,Race/Ethnicity,All other races,1553,0.9184,1611,0.9252,1676,0.9552,1736,0.9457,May 2023,06/16/2023
1350011,Stamford School District,Race/Ethnicity,Black or African American,2111,0.9063,2209,0.9003,2250,0.9191,2364,0.9413,May 2023,06/16/2023
1350011,Stamford School District,Race/Ethnicity,Hispanic/Latino of any race,8083,0.9101,7781,0.9089,7274,0.9212,7316,0.9443,May 2023,06/16/2023
1350011,Stamford School District,Race/Ethnicity,White,4191,0.9335,4371,0.9327,4616,0.9605,4895,0.9538,May 2023,06/16/2023
1350011,Stamford School District,High Needs,Students Without High Needs,6096,0.9348,5701,0.9392,5880,0.966,5599,0.9584,May 2023,06/16/2023
1350011,Stamford School District,High Needs,Students With High Needs,9842,0.9059,10271,0.9028,9936,0.9183,10712,0.9409,May 2023,06/16/2023
1360011,Sterling School District,,All Students,301,0.9224,314,0.9035,295,0.9016,325,0.9372,May 2023,06/16/2023
1360011,Sterling School District,Students With Disabilities,Students With Disabilities,54,0.908,61,0.8961,50,0.8917,55,0.9146,May 2023,06/16/2023
1360011,Sterling School District,Free/Reduced Lunch,Free/Reduced Price Meal Eligible,120,0.9154,120,0.8933,103,0.8695,133,0.928,May 2023,06/16/2023
1360011,Sterling School District,Race/Ethnicity,Hispanic/Latino of any race,32,0.9186,29,0.8735,24,0.919,,,May 2023,06/16/2023
1360011,Sterling School District,Race/Ethnicity,White,234,0.924,253,0.907,243,0.9079,269,0.9383,May 2023,06/16/2023
1360011,Sterling School District,High Needs,Students Without High Needs,154,0.9306,163,0.9128,164,0.9172,165,0.9449,May 2023,06/16/2023
1360011,Sterling School District,High Needs,Students With High Needs,147,0.914,151,0.8933,131,0.8822,160,0.9294,May 2023,06/16/2023
1370011,Stonington School District,,All Students,1752,0.9295,1802,0.9317,1848,0.9485,1931,0.9499,May 2023,06/16/2023
1370011,Stonington School District,Students With Disabilities,Students With Disabilities,241,0.9083,264,0.9101,260,0.9118,291,0.9399,May 2023,06/16/2023
1370011,Stonington School District,Free/Reduced Lunch,Free Meal Eligible,340,0.8919,392,0.9062,398,0.9114,447,0.9398,May 2023,06/16/2023
1370011,Stonington School District,Free/Reduced Lunch,Reduced Price Meal Eligible,55,0.9235,67,0.9261,77,0.926,85,0.9477,May 2023,06/16/2023
1370011,Stonington School District,Free/Reduced Lunch,Free/Reduced Price Meal Eligible,395,0.8963,459,0.9091,475,0.9137,532,0.9411,May 2023,06/16/2023
1370011,Stonington School District,Race/Ethnicity,All other races,146,0.9168,148,0.93,149,0.9464,135,0.9568,May 2023,06/16/2023
1370011,Stonington School District,Race/Ethnicity,White,1458,0.9322,1518,0.9338,1556,0.9527,1650,0.9497,May 2023,06/16/2023
1370011,Stonington School District,High Needs,Students Without High Needs,1194,0.9402,1179,0.9417,1215,0.9622,1219,0.9544,May 2023,06/16/2023
1370011,Stonington School District,High Needs,Students With High Needs,558,0.9075,623,0.9125,633,0.922,712,0.9422,May 2023,06/16/2023
1380011,Stratford School District,,All Students,6671,0.9161,6721,0.9211,6640,0.9202,6694,0.9429,May 2023,06/16/2023
1380011,Stratford School District,Homelessness,Students Experiencing Homelessness,23,0.8254,40,0.883,26,0.8411,31,0.9013,May 2023,06/16/2023
1380011,Stratford School District,Students With Disabilities,Students With Disabilities,1033,0.8998,1115,0.9036,1070,0.8818,1000,0.9244,May 2023,06/16/2023
1380011,Stratford School District,Free/Reduced Lunch,Free Meal Eligible,2402,0.9013,2619,0.907,2691,0.8917,2792,0.9315,May 2023,06/16/2023
1380011,Stratford School District,Free/Reduced Lunch,Reduced Price Meal Eligible,612,0.9234,626,0.9256,433,0.9266,629,0.9468,May 2023,06/16/2023
1380011,Stratford School District,Free/Reduced Lunch,Free/Reduced Price Meal Eligible,3014,0.9057,3245,0.9106,3124,0.8966,3421,0.9343,May 2023,06/16/2023
1380011,Stratford School District,English Learners,English Learners,555,0.9266,541,0.925,454,0.9077,473,0.9441,May 2023,06/16/2023
1380011,Stratford School District,Race/Ethnicity,All other races,413,0.9264,450,0.9321,458,0.9269,442,0.9477,May 2023,06/16/2023
1380011,Stratford School District,Race/Ethnicity,Black or African American,1723,0.921,1703,0.924,1633,0.9039,1558,0.9485,May 2023,06/16/2023
1380011,Stratford School District,Race/Ethnicity,Hispanic/Latino of any race,2722,0.9097,2592,0.9159,2444,0.9117,2440,0.9375,May 2023,06/16/2023
1380011,Stratford School District,Race/Ethnicity,White,1813,0.9188,1976,0.9229,2105,0.9409,2254,0.9439,May 2023,06/16/2023
1380011,Stratford School District,High Needs,Students Without High Needs,2997,0.9264,2844,0.9339,2948,0.9463,2768,0.9532,May 2023,06/16/2023
1380011,Stratford School District,High Needs,Students With High Needs,3674,0.908,3877,0.9117,3692,0.8991,3926,0.9355,May 2023,06/16/2023
1390011,Suffield School District,,All Students,1993,0.9275,2016,0.9359,2028,0.9546,2068,0.9491,May 2023,06/16/2023
1390011,Suffield School District,Students With Disabilities,Students With Disabilities,279,0.9057,296,0.9052,286,0.9207,281,0.9152,May 2023,06/16/2023
1390011,Suffield School District,Free/Reduced Lunch,Free Meal Eligible,234,0.8971,231,0.9061,257,0.9047,303,0.9253,May 2023,06/16/2023
1390011,Suffield School District,Free/Reduced Lunch,Reduced Price Meal Eligible,80,0.9153,77,0.9126,62,0.9276,54,0.931,May 2023,06/16/2023
1390011,Suffield School District,Free/Reduced Lunch,Free/Reduced Price Meal Eligible,314,0.9017,308,0.9078,319,0.9091,357,0.9262,May 2023,06/16/2023
1390011,Suffield School District,English Learners,English Learners,64,0.9311,63,0.9333,46,0.9302,44,0.937,May 2023,06/16/2023
1390011,Suffield School District,Race/Ethnicity,All other races,125,0.9315,107,0.9486,103,0.9639,103,0.9619,May 2023,06/16/2023
1390011,Suffield School District,Race/Ethnicity,Black or African American,79,0.9109,77,0.9092,86,0.9305,74,0.9471,May 2023,06/16/2023
1390011,Suffield School District,Race/Ethnicity,Hispanic/Latino of any race,171,0.9022,162,0.9213,149,0.9174,147,0.9305,May 2023,06/16/2023
1390011,Suffield School District,Race/Ethnicity,White,1618,0.9307,1670,0.9378,1690,0.9584,1744,0.9499,May 2023,06/16/2023
1390011,Suffield School District,High Needs,Students Without High Needs,1436,0.934,1453,0.9449,1478,0.9655,1494,0.9579,May 2023,06/16/2023
1390011,Suffield School District,High Needs,Students With High Needs,557,0.9111,563,0.9126,550,0.9249,574,0.9259,May 2023,06/16/2023
1400011,Thomaston School District,,All Students,755,0.9406,795,0.9445,801,0.9556,822,0.9565,May 2023,06/16/2023
1400011,Thomaston School District,Students With Disabilities,Students With Disabilities,106,0.9143,118,0.9293,127,0.9393,127,0.9398,May 2023,06/16/2023
1400011,Thomaston School District,Free/Reduced Lunch,Free Meal Eligible,212,0.9228,241,0.9261,194,0.9156,226,0.9396,May 2023,06/16/2023
1400011,Thomaston School District,Free/Reduced Lunch,Reduced Price Meal Eligible,53,0.9268,45,0.9284,45,0.9346,53,0.9498,May 2023,06/16/2023
1400011,Thomaston School District,Free/Reduced Lunch,Free/Reduced Price Meal Eligible,265,0.9236,286,0.9264,239,0.9192,279,0.9415,May 2023,06/16/2023
1400011,Thomaston School District,Race/Ethnicity,Hispanic/Latino of any race,75,0.9231,84,0.9198,58,0.8938,56,0.9354,May 2023,06/16/2023
1400011,Thomaston School District,Race/Ethnicity,White,628,0.9426,658,0.9474,703,0.96,730,0.9571,May 2023,06/16/2023
1400011,Thomaston School District,High Needs,Students Without High Needs,430,0.9512,447,0.9551,482,0.9717,476,0.9654,May 2023,06/16/2023
1400011,Thomaston School District,High Needs,Students With High Needs,325,0.9268,348,0.9304,319,0.9305,346,0.9439,May 2023,06/16/2023
1410011,Thompson School District,,All Students,870,0.9192,892,0.8944,925,0.8996,944,0.9296,May 2023,06/16/2023
1410011,Thompson School District,Students With Disabilities,Students With Disabilities,173,0.8903,183,0.8599,179,0.8567,165,0.92,May 2023,06/16/2023
1410011,Thompson School District,Free/Reduced Lunch,Free Meal Eligible,290,0.8994,323,0.8702,330,0.8693,373,0.9159,May 2023,06/16/2023
1410011,Thompson School District,Free/Reduced Lunch,Reduced Price Meal Eligible,83,0.9172,50,0.8869,73,0.8653,84,0.9335,May 2023,06/16/2023
1410011,Thompson School District,Free/Reduced Lunch,Free/Reduced Price Meal Eligible,373,0.9034,373,0.8724,403,0.8686,457,0.9191,May 2023,06/16/2023
1410011,Thompson School District,Race/Ethnicity,Hispanic/Latino of any race,79,0.9113,69,0.8672,73,0.8452,56,0.9159,May 2023,06/16/2023
1410011,Thompson School District,Race/Ethnicity,White,747,0.9194,783,0.896,805,0.9063,848,0.9302,May 2023,06/16/2023
1410011,Thompson School District,High Needs,Students Without High Needs,417,0.9376,436,0.9146,450,0.9321,429,0.9397,May 2023,06/16/2023
1410011,Thompson School District,High Needs,Students With High Needs,453,0.9025,456,0.8749,475,0.8684,515,0.921,May 2023,06/16/2023
1420011,Tolland School District,,All Students,2227,0.9422,2198,0.9353,2255,0.9736,2319,0.9629,May 2023,06/16/2023
1420011,Tolland School District,Students With Disabilities,Students With Disabilities,323,0.9272,333,0.9149,323,0.9513,312,0.9492,May 2023,06/16/2023
1420011,Tolland School District,Free/Reduced Lunch,Free Meal Eligible,258,0.923,260,0.908,220,0.9444,221,0.9486,May 2023,06/16/2023
1420011,Tolland School District,Free/Reduced Lunch,Reduced Price Meal Eligible,89,0.9404,76,0.922,82,0.9515,97,0.9453,May 2023,06/16/2023
1420011,Tolland School District,Free/Reduced Lunch,Free/Reduced Price Meal Eligible,347,0.9274,336,0.9112,302,0.9463,318,0.9476,May 2023,06/16/2023
1420011,Tolland School District,English Learners,English Learners,45,0.9397,39,0.9314,26,0.9548,,,May 2023,06/16/2023
1420011,Tolland School District,Race/Ethnicity,All other races,149,0.9466,133,0.9413,135,0.9746,126,0.964,May 2023,06/16/2023
1420011,Tolland School District,Race/Ethnicity,Black or African American,66,0.9428,65,0.9332,61,0.9572,61,0.9666,May 2023,06/16/2023
1420011,Tolland School District,Race/Ethnicity,Hispanic/Latino of any race,215,0.9359,198,0.9238,168,0.9644,152,0.9619,May 2023,06/16/2023
1420011,Tolland School District,Race/Ethnicity,White,1797,0.9426,1802,0.9361,1891,0.9748,1980,0.9627,May 2023,06/16/2023
1420011,Tolland School District,High Needs,Students Without High Needs,1623,0.9467,1596,0.942,1687,0.9806,1753,0.9668,May 2023,06/16/2023
1420011,Tolland School District,High Needs,Students With High Needs,604,0.9304,602,0.9172,568,0.9522,566,0.9504,May 2023,06/16/2023
1430011,Torrington School District,,All Students,3808,0.926,3811,0.9223,3690,0.8966,3810,0.9457,May 2023,06/16/2023
1430011,Torrington School District,Students With Disabilities,Students With Disabilities,628,0.9043,672,0.9002,666,0.8578,707,0.9274,May 2023,06/16/2023
1430011,Torrington School District,Free/Reduced Lunch,Free Meal Eligible,1930,0.917,2087,0.9127,2007,0.8712,2230,0.938,May 2023,06/16/2023
1430011,Torrington School District,Free/Reduced Lunch,Reduced Price Meal Eligible,341,0.9287,354,0.9234,332,0.9067,346,0.9592,May 2023,06/16/2023
1430011,Torrington School District,Free/Reduced Lunch,Free/Reduced Price Meal Eligible,2271,0.9188,2441,0.9143,2339,0.8763,2576,0.9409,May 2023,06/16/2023
1430011,Torrington School District,English Learners,English Learners,488,0.9438,485,0.9411,394,0.912,405,0.9575,May 2023,06/16/2023
1430011,Torrington School District,Race/Ethnicity,All other races,266,0.9286,281,0.9255,293,0.8885,296,0.9509,May 2023,06/16/2023
1430011,Torrington School District,Race/Ethnicity,Black or African American,243,0.9188,220,0.9138,184,0.8689,169,0.94,May 2023,06/16/2023
1430011,Torrington School District,Race/Ethnicity,Hispanic/Latino of any race,1515,0.9311,1419,0.9237,1260,0.8872,1168,0.9498,May 2023,06/16/2023
1430011,Torrington School District,Race/Ethnicity,White,1784,0.9225,1891,0.9217,1953,0.9063,2177,0.9434,May 2023,06/16/2023
1430011,Torrington School District,High Needs,Students Without High Needs,1211,0.9388,1072,0.9381,1085,0.9378,1055,0.9585,May 2023,06/16/2023
1430011,Torrington School District,High Needs,Students With High Needs,2597,0.9203,2739,0.916,2605,0.8793,2755,0.9407,May 2023,06/16/2023
1440011,Trumbull School District,,All Students,6725,0.9468,6696,0.9515,6578,0.9702,6599,0.9624,May 2023,06/16/2023
1440011,Trumbull School District,Students With Disabilities,Students With Disabilities,878,0.931,877,0.9367,858,0.9452,789,0.9534,May 2023,06/16/2023
1440011,Trumbull School District,Free/Reduced Lunch,Free Meal Eligible,861,0.936,854,0.9387,863,0.9455,,,May 2023,06/16/2023
1440011,Trumbull School District,Free/Reduced Lunch,Reduced Price Meal Eligible,293,0.9465,259,0.9479,289,0.9595,,,May 2023,06/16/2023
1440011,Trumbull School District,Free/Reduced Lunch,Free/Reduced Price Meal Eligible,1154,0.9387,1113,0.9408,1152,0.949,899,0.9512,May 2023,06/16/2023
1440011,Trumbull School District,English Learners,English Learners,290,0.9425,312,0.9472,296,0.9565,247,0.9535,May 2023,06/16/2023
1440011,Trumbull School District,Race/Ethnicity,All other races,882,0.9551,871,0.9581,800,0.9788,772,0.9679,May 2023,06/16/2023
1440011,Trumbull School District,Race/Ethnicity,Black or African American,444,0.9522,415,0.9527,392,0.9628,382,0.9695,May 2023,06/16/2023
1440011,Trumbull School District,Race/Ethnicity,Hispanic/Latino of any race,1274,0.9405,1169,0.9443,1056,0.9609,950,0.9575,May 2023,06/16/2023
1440011,Trumbull School District,Race/Ethnicity,White,4125,0.9464,4241,0.9521,4330,0.9716,4495,0.9619,May 2023,06/16/2023
1440011,Trumbull School District,High Needs,Students Without High Needs,4767,0.9506,4766,0.956,4651,0.9777,4946,0.9655,May 2023,06/16/2023
1440011,Trumbull School District,High Needs,Students With High Needs,1958,0.9377,1930,0.9403,1927,0.9521,1653,0.9532,May 2023,06/16/2023
1450011,Union School District,,All Students,48,0.9119,44,0.9512,43,0.9766,44,0.9618,May 2023,06/16/2023
1460011,Vernon School District,,All Students,2977,0.9286,3018,0.939,2955,0.9399,3026,0.9512,May 2023,06/16/2023
1460011,Vernon School District,Homelessness,Students Experiencing Homelessness,24,0.8592,28,0.8949,39,0.919,60,0.9227,May 2023,06/16/2023
1460011,Vernon School District,Students With Disabilities,Students With Disabilities,509,0.8985,560,0.9068,572,0.8992,508,0.9248,May 2023,06/16/2023
1460011,Vernon School District,Free/Reduced Lunch,Free Meal Eligible,1379,0.9144,1326,0.9212,1296,0.9145,1426,0.9414,May 2023,06/16/2023
1460011,Vernon School District,Free/Reduced Lunch,Reduced Price Meal Eligible,178,0.931,214,0.9395,200,0.9234,204,0.9522,May 2023,06/16/2023
1460011,Vernon School District,Free/Reduced Lunch,Free/Reduced Price Meal Eligible,1557,0.9163,1540,0.9238,1496,0.9157,1630,0.9428,May 2023,06/16/2023
1460011,Vernon School District,English Learners,English Learners,109,0.918,121,0.9189,116,0.9376,124,0.9567,May 2023,06/16/2023
1460011,Vernon School District,Race/Ethnicity,All other races,451,0.925,469,0.9338,431,0.9395,426,0.9511,May 2023,06/16/2023
1460011,Vernon School District,Race/Ethnicity,Black or African American,327,0.9252,316,0.9356,301,0.9228,321,0.9533,May 2023,06/16/2023
1460011,Vernon School District,Race/Ethnicity,Hispanic/Latino of any race,659,0.9103,671,0.9208,623,0.9197,611,0.9445,May 2023,06/16/2023
1460011,Vernon School District,Race/Ethnicity,White,1540,0.9382,1562,0.9488,1600,0.9511,1668,0.9532,May 2023,06/16/2023
1460011,Vernon School District,High Needs,Students Without High Needs,1232,0.9453,1257,0.9586,1240,0.9689,1216,0.9642,May 2023,06/16/2023
1460011,Vernon School District,High Needs,Students With High Needs,1745,0.917,1761,0.9248,1715,0.9188,1810,0.9423,May 2023,06/16/2023
1470011,Voluntown School District,,All Students,208,0.9442,213,0.948,221,0.9644,221,0.9509,May 2023,06/16/2023
1470011,Voluntown School District,Students With Disabilities,Students With Disabilities,33,0.9457,38,0.9348,37,0.9626,40,0.9458,May 2023,06/16/2023
1470011,Voluntown School District,Free/Reduced Lunch,Free Meal Eligible,51,0.943,55,0.932,,,,,May 2023,06/16/2023
1470011,Voluntown School District,Free/Reduced Lunch,Reduced Price Meal Eligible,24,0.9421,21,0.9534,,,,,May 2023,06/16/2023
1470011,Voluntown School District,Free/Reduced Lunch,Free/Reduced Price Meal Eligible,75,0.9427,76,0.9381,60,0.9552,65,0.9494,May 2023,06/16/2023
1470011,Voluntown School District,Race/Ethnicity,White,185,0.9443,190,0.9476,194,0.9646,188,0.9519,May 2023,06/16/2023
1470011,Voluntown School District,High Needs,Students Without High Needs,123,0.9447,123,0.9542,143,0.9676,135,0.953,May 2023,06/16/2023
1470011,Voluntown School District,High Needs,Students With High Needs,85,0.9434,90,0.9397,78,0.9586,86,0.9474,May 2023,06/16/2023
1480011,Wallingford School District,,All Students,5104,0.9267,5133,0.9256,5241,0.9551,5474,0.9547,May 2023,06/16/2023
1480011,Wallingford School District,Students With Disabilities,Students With Disabilities,879,0.8985,921,0.9007,929,0.926,883,0.9331,May 2023,06/16/2023
1480011,Wallingford School District,Free/Reduced Lunch,Free Meal Eligible,1399,0.9046,1319,0.8974,1295,0.9289,1453,0.9389,May 2023,06/16/2023
1480011,Wallingford School District,Free/Reduced Lunch,Reduced Price Meal Eligible,269,0.9274,272,0.9257,283,0.9504,309,0.955,May 2023,06/16/2023
1480011,Wallingford School District,Free/Reduced Lunch,Free/Reduced Price Meal Eligible,1668,0.9083,1591,0.9023,1578,0.9328,1762,0.9417,May 2023,06/16/2023
1480011,Wallingford School District,English Learners,English Learners,362,0.9238,358,0.9169,310,0.9476,337,0.9525,May 2023,06/16/2023
1480011,Wallingford School District,Race/Ethnicity,All other races,444,0.9368,448,0.9327,463,0.9598,384,0.9663,May 2023,06/16/2023
1480011,Wallingford School District,Race/Ethnicity,Black or African American,100,0.9339,86,0.9208,89,0.9451,120,0.9532,May 2023,06/16/2023
1480011,Wallingford School District,Race/Ethnicity,Hispanic/Latino of any race,1085,0.9184,1055,0.912,1043,0.9416,992,0.9466,May 2023,06/16/2023
1480011,Wallingford School District,Race/Ethnicity,White,3475,0.9278,3544,0.9288,3646,0.9586,3978,0.9556,May 2023,06/16/2023
1480011,Wallingford School District,High Needs,Students Without High Needs,2884,0.9391,2924,0.9397,3080,0.968,3193,0.9631,May 2023,06/16/2023
1480011,Wallingford School District,High Needs,Students With High Needs,2220,0.9108,2209,0.9067,2161,0.9366,2281,0.9427,May 2023,06/16/2023
1510011,Waterbury School District,,All Students,17786,0.9028,17773,0.8949,17841,0.8475,17983,0.9343,May 2023,06/16/2023
1510011,Waterbury School District,Homelessness,Students Experiencing Homelessness,374,0.8593,487,0.8446,499,0.7555,573,0.8889,May 2023,06/16/2023
1510011,Waterbury School District,Students With Disabilities,Students With Disabilities,3196,0.8791,3519,0.8721,3538,0.8141,3468,0.9139,May 2023,06/16/2023
1510011,Waterbury School District,Free/Reduced Lunch,Free Meal Eligible,11403,0.8947,13039,0.8874,14354,0.835,14409,0.93,May 2023,06/16/2023
1510011,Waterbury School District,Free/Reduced Lunch,Reduced Price Meal Eligible,264,0.9338,315,0.9316,428,0.9161,548,0.9579,May 2023,06/16/2023
1510011,Waterbury School District,Free/Reduced Lunch,Free/Reduced Price Meal Eligible,11667,0.8955,13354,0.8885,14782,0.8373,14957,0.9311,May 2023,06/16/2023
1510011,Waterbury School District,English Learners,English Learners,3240,0.9109,3314,0.8963,2997,0.8345,3047,0.9314,May 2023,06/16/2023
1510011,Waterbury School District,Race/Ethnicity,All other races,1093,0.902,1044,0.9048,1058,0.865,1012,0.9405,May 2023,06/16/2023
1510011,Waterbury School District,Race/Ethnicity,Black or African American,3787,0.9039,3862,0.8949,3903,0.8369,3908,0.9351,May 2023,06/16/2023
1510011,Waterbury School District,Race/Ethnicity,Hispanic/Latino of any race,11003,0.9006,10714,0.8904,10453,0.8383,10388,0.9314,May 2023,06/16/2023
1510011,Waterbury School District,Race/Ethnicity,White,1903,0.9138,2153,0.9116,2427,0.8961,2675,0.9416,May 2023,06/16/2023
1510011,Waterbury School District,High Needs,Students Without High Needs,4411,0.9169,2982,0.9183,2185,0.912,2219,0.954,May 2023,06/16/2023
1510011,Waterbury School District,High Needs,Students With High Needs,13375,0.8985,14791,0.8903,15656,0.8388,15764,0.9316,May 2023,06/16/2023
1520011,Waterford School District,,All Students,2266,0.9349,2287,0.9465,2310,0.9534,2429,0.9542,May 2023,06/16/2023
1520011,Waterford School District,Students With Disabilities,Students With Disabilities,353,0.9157,384,0.933,369,0.9339,398,0.9392,May 2023,06/16/2023
1520011,Waterford School District,Free/Reduced Lunch,Free Meal Eligible,536,0.916,521,0.9283,518,0.9232,602,0.9393,May 2023,06/16/2023
1520011,Waterford School District,Free/Reduced Lunch,Reduced Price Meal Eligible,133,0.9349,131,0.9409,156,0.9273,165,0.9531,May 2023,06/16/2023
1520011,Waterford School District,Free/Reduced Lunch,Free/Reduced Price Meal Eligible,669,0.9198,652,0.9309,674,0.9241,767,0.9424,May 2023,06/16/2023
1520011,Waterford School District,English Learners,English Learners,106,0.9352,97,0.9283,73,0.9359,78,0.9503,May 2023,06/16/2023
1520011,Waterford School District,Race/Ethnicity,All other races,265,0.9382,259,0.9494,250,0.9533,248,0.9609,May 2023,06/16/2023
1520011,Waterford School District,Race/Ethnicity,Black or African American,53,0.9316,54,0.9567,66,0.9306,68,0.9613,May 2023,06/16/2023
1520011,Waterford School District,Race/Ethnicity,Hispanic/Latino of any race,318,0.925,293,0.9287,264,0.9315,283,0.9473,May 2023,06/16/2023
1520011,Waterford School District,Race/Ethnicity,White,1630,0.9364,1681,0.9487,1730,0.9575,1830,0.9541,May 2023,06/16/2023
1520011,Waterford School District,High Needs,Students Without High Needs,1369,0.9434,1380,0.9555,1407,0.968,1427,0.9612,May 2023,06/16/2023
1520011,Waterford School District,High Needs,Students With High Needs,897,0.9221,907,0.9326,903,0.9302,1002,0.9441,May 2023,06/16/2023
1530011,Watertown School District,,All Students,2542,0.9356,2521,0.943,2561,0.956,2643,0.9526,May 2023,06/16/2023
1530011,Watertown School District,Students With Disabilities,Students With Disabilities,386,0.9078,394,0.915,401,0.9165,390,0.9332,May 2023,06/16/2023
1530011,Watertown School District,Free/Reduced Lunch,Free Meal Eligible,679,0.9176,666,0.9279,697,0.9306,760,0.94,May 2023,06/16/2023
1530011,Watertown School District,Free/Reduced Lunch,Reduced Price Meal Eligible,228,0.9396,182,0.9425,176,0.9555,205,0.954,May 2023,06/16/2023
1530011,Watertown School District,Free/Reduced Lunch,Free/Reduced Price Meal Eligible,907,0.9231,848,0.9311,873,0.9357,965,0.943,May 2023,06/16/2023
1530011,Watertown School District,English Learners,English Learners,127,0.931,124,0.9379,112,0.9405,130,0.9597,May 2023,06/16/2023
1530011,Watertown School District,Race/Ethnicity,All other races,151,0.9314,134,0.9477,137,0.9448,130,0.9532,May 2023,06/16/2023
1530011,Watertown School District,Race/Ethnicity,Black or African American,100,0.9458,84,0.9574,76,0.9477,76,0.955,May 2023,06/16/2023
1530011,Watertown School District,Race/Ethnicity,Hispanic/Latino of any race,265,0.9233,245,0.9316,212,0.9334,223,0.9486,May 2023,06/16/2023
1530011,Watertown School District,Race/Ethnicity,White,2026,0.9371,2058,0.9435,2136,0.9592,2214,0.9529,May 2023,06/16/2023
1530011,Watertown School District,High Needs,Students Without High Needs,1404,0.9466,1417,0.9531,1431,0.9706,1444,0.9599,May 2023,06/16/2023
1530011,Watertown School District,High Needs,Students With High Needs,1138,0.9222,1104,0.93,1130,0.9374,1199,0.9437,May 2023,06/16/2023
1540011,Westbrook School District,,All Students,572,0.9323,591,0.9286,602,0.928,623,0.9503,May 2023,06/16/2023
1540011,Westbrook School District,Students With Disabilities,Students With Disabilities,85,0.924,98,0.9136,95,0.9005,95,0.9402,May 2023,06/16/2023
1540011,Westbrook School District,Free/Reduced Lunch,Free Meal Eligible,118,0.9136,130,0.9189,177,0.8918,193,0.944,May 2023,06/16/2023
1540011,Westbrook School District,Free/Reduced Lunch,Reduced Price Meal Eligible,40,0.9206,,,39,0.9411,40,0.9536,May 2023,06/16/2023
1540011,Westbrook School District,Free/Reduced Lunch,Free/Reduced Price Meal Eligible,158,0.9153,130,0.9189,216,0.9007,233,0.9457,May 2023,06/16/2023
1540011,Westbrook School District,English Learners,English Learners,76,0.9248,78,0.9417,70,0.9047,82,0.9543,May 2023,06/16/2023
1540011,Westbrook School District,Race/Ethnicity,Hispanic/Latino of any race,154,0.93,138,0.9347,125,0.8914,124,0.9514,May 2023,06/16/2023
1540011,Westbrook School District,Race/Ethnicity,White,395,0.9331,425,0.9266,448,0.9365,463,0.952,May 2023,06/16/2023
1540011,Westbrook School District,High Needs,Students Without High Needs,328,0.9425,350,0.9335,319,0.9491,321,0.9546,May 2023,06/16/2023
1540011,Westbrook School District,High Needs,Students With High Needs,244,0.9191,241,0.9215,283,0.9041,302,0.9457,May 2023,06/16/2023
1550011,West Hartford School District,,All Students,9017,0.934,9018,0.9329,9011,0.9673,9236,0.9545,May 2023,06/16/2023
1550011,West Hartford School District,Students With Disabilities,Students With Disabilities,1410,0.9088,1484,0.906,1407,0.94,1303,0.9317,May 2023,06/16/2023
1550011,West Hartford School District,Free/Reduced Lunch,Free Meal Eligible,1673,0.908,1814,0.9071,1879,0.938,2063,0.9385,May 2023,06/16/2023
1550011,West Hartford School District,Free/Reduced Lunch,Reduced Price Meal Eligible,426,0.9228,352,0.92,367,0.9604,366,0.9544,May 2023,06/16/2023
1550011,West Hartford School District,Free/Reduced Lunch,Free/Reduced Price Meal Eligible,2099,0.9111,2166,0.9092,2246,0.9417,2429,0.941,May 2023,06/16/2023
1550011,West Hartford School District,English Learners,English Learners,686,0.9142,682,0.9189,596,0.9425,648,0.9417,May 2023,06/16/2023
1550011,West Hartford School District,Race/Ethnicity,All other races,1504,0.9436,1487,0.9433,1381,0.9747,1474,0.9593,May 2023,06/16/2023
1550011,West Hartford School District,Race/Ethnicity,Black or African American,740,0.9254,774,0.9201,828,0.9482,807,0.9521,May 2023,06/16/2023
1550011,West Hartford School District,Race/Ethnicity,Hispanic/Latino of any race,1855,0.9118,1723,0.9092,1682,0.9442,1729,0.9403,May 2023,06/16/2023
1550011,West Hartford School District,Race/Ethnicity,White,4918,0.9406,5034,0.9397,5120,0.9758,5226,0.9582,May 2023,06/16/2023
1550011,West Hartford School District,High Needs,Students Without High Needs,5837,0.9446,5757,0.9443,5780,0.9794,5911,0.9621,May 2023,06/16/2023
1550011,West Hartford School District,High Needs,Students With High Needs,3180,0.9147,3261,0.9123,3231,0.9454,3325,0.9407,May 2023,06/16/2023
1560011,West Haven School District,,All Students,5921,0.9183,5860,0.9151,5735,0.9176,5812,0.9421,May 2023,06/16/2023
1560011,West Haven School District,Students With Disabilities,Students With Disabilities,1018,0.9035,1071,0.8973,993,0.8955,963,0.9239,May 2023,06/16/2023
1560011,West Haven School District,Free/Reduced Lunch,Free Meal Eligible,2827,0.9075,3182,0.9015,3053,0.8973,3148,0.9348,May 2023,06/16/2023
1560011,West Haven School District,Free/Reduced Lunch,Reduced Price Meal Eligible,481,0.9293,438,0.9251,394,0.9357,373,0.9528,May 2023,06/16/2023
1560011,West Haven School District,Free/Reduced Lunch,Free/Reduced Price Meal Eligible,3308,0.9107,3620,0.9044,3447,0.9017,3521,0.9367,May 2023,06/16/2023
1560011,West Haven School District,English Learners,English Learners,1110,0.9291,1071,0.9297,899,0.9206,906,0.9545,May 2023,06/16/2023
1560011,West Haven School District,Race/Ethnicity,All other races,580,0.9258,560,0.9241,538,0.9197,504,0.9453,May 2023,06/16/2023
1560011,West Haven School District,Race/Ethnicity,Black or African American,1405,0.9194,1409,0.9169,1308,0.9125,1329,0.9421,May 2023,06/16/2023
1560011,West Haven School District,Race/Ethnicity,Hispanic/Latino of any race,2384,0.9162,2299,0.9122,2269,0.9081,2274,0.9411,May 2023,06/16/2023
1560011,West Haven School District,Race/Ethnicity,White,1552,0.9179,1592,0.9148,1620,0.9341,1705,0.9424,May 2023,06/16/2023
1560011,West Haven School District,High Needs,Students Without High Needs,1911,0.93,1636,0.9351,1736,0.9483,1755,0.9525,May 2023,06/16/2023
1560011,West Haven School District,High Needs,Students With High Needs,4010,0.913,4224,0.9072,3999,0.9041,4057,0.9374,May 2023,06/16/2023
1570011,Weston School District,,All Students,2142,0.9482,2192,0.9551,2257,0.974,2265,0.9561,May 2023,06/16/2023
1570011,Weston School District,Students With Disabilities,Students With Disabilities,263,0.9421,278,0.946,263,0.9547,255,0.9458,May 2023,06/16/2023
1570011,Weston School District,Free/Reduced Lunch,Free/Reduced Price Meal Eligible,24,0.9234,29,0.9228,25,0.9424,46,0.944,May 2023,06/16/2023
1570011,Weston School District,English Learners,English Learners,24,0.9276,21,0.9453,,,,,May 2023,06/16/2023
1570011,Weston School District,Race/Ethnicity,All other races,287,0.9505,277,0.957,263,0.976,242,0.9639,May 2023,06/16/2023
1570011,Weston School District,Race/Ethnicity,Black or African American,29,0.951,28,0.9413,33,0.9336,42,0.9477,May 2023,06/16/2023
1570011,Weston School District,Race/Ethnicity,Hispanic/Latino of any race,190,0.948,181,0.9603,177,0.9732,155,0.9558,May 2023,06/16/2023
1570011,Weston School District,Race/Ethnicity,White,1636,0.9478,1706,0.9545,1784,0.9745,1826,0.9553,May 2023,06/16/2023
1570011,Weston School District,High Needs,Students Without High Needs,1849,0.9495,1888,0.9567,1966,0.9768,1964,0.9575,May 2023,06/16/2023
1570011,Weston School District,High Needs,Students With High Needs,293,0.94,304,0.9454,291,0.955,301,0.9471,May 2023,06/16/2023
1580011,Westport School District,,All Students,5340,0.942,5268,0.9409,5295,0.9635,5286,0.9557,May 2023,06/16/2023
1580011,Westport School District,Students With Disabilities,Students With Disabilities,707,0.928,732,0.9216,707,0.944,686,0.9438,May 2023,06/16/2023
1580011,Westport School District,Free/Reduced Lunch,Free Meal Eligible,84,0.9166,116,0.9115,124,0.9262,137,0.9391,May 2023,06/16/2023
1580011,Westport School District,Free/Reduced Lunch,Reduced Price Meal Eligible,45,0.9272,33,0.9337,23,0.9414,46,0.9476,May 2023,06/16/2023
1580011,Westport School District,Free/Reduced Lunch,Free/Reduced Price Meal Eligible,129,0.9204,149,0.9165,147,0.9287,183,0.9413,May 2023,06/16/2023
1580011,Westport School District,English Learners,English Learners,70,0.9322,69,0.9303,55,0.9469,74,0.952,May 2023,06/16/2023
1580011,Westport School District,Race/Ethnicity,All other races,733,0.9475,701,0.949,686,0.9718,633,0.9642,May 2023,06/16/2023
1580011,Westport School District,Race/Ethnicity,Black or African American,113,0.9434,117,0.9432,124,0.9528,117,0.9595,May 2023,06/16/2023
1580011,Westport School District,Race/Ethnicity,Hispanic/Latino of any race,418,0.9362,381,0.9321,369,0.9521,363,0.9477,May 2023,06/16/2023
1580011,Westport School District,Race/Ethnicity,White,4076,0.9416,4069,0.9403,4116,0.9635,4173,0.955,May 2023,06/16/2023
1580011,Westport School District,High Needs,Students Without High Needs,4501,0.9445,4398,0.9443,4471,0.9669,4444,0.9578,May 2023,06/16/2023
1580011,Westport School District,High Needs,Students With High Needs,839,0.929,870,0.9234,824,0.9449,842,0.9449,May 2023,06/16/2023
1590011,Wethersfield School District,,All Students,3566,0.9438,3576,0.942,3512,0.9662,3560,0.9598,May 2023,06/16/2023
1590011,Wethersfield School District,Students With Disabilities,Students With Disabilities,489,0.9227,498,0.9158,483,0.9363,491,0.9413,May 2023,06/16/2023
1590011,Wethersfield School District,Free/Reduced Lunch,Free Meal Eligible,758,0.9215,737,0.9169,800,0.9432,794,0.9462,May 2023,06/16/2023
1590011,Wethersfield School District,Free/Reduced Lunch,Reduced Price Meal Eligible,240,0.9464,199,0.9347,131,0.9631,170,0.9621,May 2023,06/16/2023
1590011,Wethersfield School District,Free/Reduced Lunch,Free/Reduced Price Meal Eligible,998,0.9274,936,0.9207,931,0.946,964,0.949,May 2023,06/16/2023
1590011,Wethersfield School District,English Learners,English Learners,346,0.9343,357,0.9326,343,0.9522,360,0.954,May 2023,06/16/2023
1590011,Wethersfield School District,Race/Ethnicity,All other races,352,0.9404,351,0.9426,302,0.9698,304,0.9639,May 2023,06/16/2023
1590011,Wethersfield School District,Race/Ethnicity,Black or African American,170,0.9429,151,0.9207,142,0.935,135,0.955,May 2023,06/16/2023
1590011,Wethersfield School District,Race/Ethnicity,Hispanic/Latino of any race,736,0.9293,723,0.9263,703,0.9483,670,0.9515,May 2023,06/16/2023
1590011,Wethersfield School District,Race/Ethnicity,White,2308,0.9491,2351,0.9481,2365,0.9728,2451,0.9618,May 2023,06/16/2023
1590011,Wethersfield School District,High Needs,Students Without High Needs,2173,0.9529,2218,0.9524,2170,0.977,2202,0.966,May 2023,06/16/2023
1590011,Wethersfield School District,High Needs,Students With High Needs,1393,0.9299,1358,0.9249,1342,0.9485,1358,0.9495,May 2023,06/16/2023
1600011,Willington School District,,All Students,384,0.9328,372,0.9134,394,0.9841,419,0.9507,May 2023,06/16/2023
1600011,Willington School District,Students With Disabilities,Students With Disabilities,58,0.9136,67,0.8703,71,0.9825,76,0.9315,May 2023,06/16/2023
1600011,Willington School District,Free/Reduced Lunch,Free/Reduced Price Meal Eligible,59,0.9167,162,0.8862,80,0.9773,161,0.9397,May 2023,06/16/2023
1600011,Willington School District,Race/Ethnicity,Hispanic/Latino of any race,45,0.9107,26,0.8904,34,0.9852,37,0.924,May 2023,06/16/2023
1600011,Willington School District,Race/Ethnicity,White,308,0.9361,326,0.9128,342,0.984,362,0.9533,May 2023,06/16/2023
1600011,Willington School District,High Needs,Students Without High Needs,275,0.9375,180,0.9424,259,0.9857,221,0.9585,May 2023,06/16/2023
1600011,Willington School District,High Needs,Students With High Needs,109,0.9206,192,0.885,135,0.9809,198,0.9419,May 2023,06/16/2023
1610011,Wilton School District,,All Students,3727,0.954,3732,0.9597,3700,0.9818,3829,0.9656,May 2023,06/16/2023
1610011,Wilton School District,Students With Disabilities,Students With Disabilities,618,0.9432,641,0.9504,624,0.9715,591,0.9562,May 2023,06/16/2023
1610011,Wilton School District,Free/Reduced Lunch,Free/Reduced Price Meal Eligible,249,0.938,273,0.9475,174,0.9701,205,0.9575,May 2023,06/16/2023
1610011,Wilton School District,English Learners,English Learners,50,0.9285,34,0.9367,28,0.9512,34,0.9408,May 2023,06/16/2023
1610011,Wilton School District,Race/Ethnicity,All other races,652,0.9566,656,0.9634,626,0.986,622,0.9681,May 2023,06/16/2023
1610011,Wilton School District,Race/Ethnicity,Black or African American,34,0.969,37,0.9624,38,0.9717,40,0.969,May 2023,06/16/2023
1610011,Wilton School District,Race/Ethnicity,Hispanic/Latino of any race,247,0.9494,261,0.9516,268,0.9773,268,0.959,May 2023,06/16/2023
1610011,Wilton School District,Race/Ethnicity,White,2794,0.9536,2778,0.9595,2768,0.9815,2899,0.9656,May 2023,06/16/2023
1610011,Wilton School District,High Needs,Students Without High Needs,2908,0.9567,2887,0.9624,2933,0.9844,3063,0.9676,May 2023,06/16/2023
1610011,Wilton School District,High Needs,Students With High Needs,819,0.9443,845,0.9505,767,0.9719,766,0.9574,May 2023,06/16/2023
1620011,Winchester School District,,All Students,576,0.933,533,0.9228,508,0.9377,533,0.9393,May 2023,06/16/2023
1620011,Winchester School District,Students With Disabilities,Students With Disabilities,107,0.9153,104,0.8875,115,0.9068,121,0.902,May 2023,06/16/2023
1620011,Winchester School District,Free/Reduced Lunch,Free Meal Eligible,246,0.928,263,0.9171,249,0.9314,259,0.9279,May 2023,06/16/2023
1620011,Winchester School District,Free/Reduced Lunch,Reduced Price Meal Eligible,53,0.9452,55,0.9316,48,0.9442,58,0.945,May 2023,06/16/2023
1620011,Winchester School District,Free/Reduced Lunch,Free/Reduced Price Meal Eligible,299,0.931,318,0.9197,297,0.9335,317,0.9311,May 2023,06/16/2023
1620011,Winchester School District,English Learners,English Learners,21,0.9373,20,0.9196,,,27,0.951,May 2023,06/16/2023
1620011,Winchester School District,Race/Ethnicity,Hispanic/Latino of any race,84,0.9189,62,0.9095,60,0.921,60,0.9509,May 2023,06/16/2023
1620011,Winchester School District,Race/Ethnicity,White,450,0.9364,431,0.9267,409,0.9414,423,0.9389,May 2023,06/16/2023
1620011,Winchester School District,High Needs,Students Without High Needs,233,0.9393,179,0.9403,163,0.9561,166,0.9553,May 2023,06/16/2023
1620011,Winchester School District,High Needs,Students With High Needs,343,0.9288,354,0.9138,345,0.9288,367,0.9319,May 2023,06/16/2023
1630011,Windham School District,,All Students,2975,0.8912,2956,0.8786,2985,0.871,3060,0.9369,May 2023,06/16/2023
1630011,Windham School District,Students With Disabilities,Students With Disabilities,561,0.8581,598,0.8554,576,0.8305,588,0.9106,May 2023,06/16/2023
1630011,Windham School District,Free/Reduced Lunch,Free Meal Eligible,1883,0.8765,1994,0.8617,1977,0.8444,2089,0.9289,May 2023,06/16/2023
1630011,Windham School District,Free/Reduced Lunch,Reduced Price Meal Eligible,212,0.9017,200,0.897,203,0.8895,187,0.9465,May 2023,06/16/2023
1630011,Windham School District,Free/Reduced Lunch,Free/Reduced Price Meal Eligible,2095,0.8791,2194,0.8649,2180,0.8486,2276,0.9304,May 2023,06/16/2023
1630011,Windham School District,English Learners,English Learners,978,0.8951,989,0.8701,927,0.8403,943,0.9315,May 2023,06/16/2023
1630011,Windham School District,Race/Ethnicity,All other races,102,0.8876,102,0.8888,100,0.8841,98,0.9485,May 2023,06/16/2023
1630011,Windham School District,Race/Ethnicity,Black or African American,95,0.8811,89,0.8696,101,0.8588,111,0.9212,May 2023,06/16/2023
1630011,Windham School District,Race/Ethnicity,Hispanic/Latino of any race,2140,0.8884,2111,0.8711,2123,0.8575,2189,0.9351,May 2023,06/16/2023
1630011,Windham School District,Race/Ethnicity,White,638,0.9026,654,0.9025,661,0.9145,662,0.9434,May 2023,06/16/2023
1630011,Windham School District,High Needs,Students Without High Needs,629,0.9246,526,0.9268,570,0.9485,564,0.9595,May 2023,06/16/2023
1630011,Windham School District,High Needs,Students With High Needs,2346,0.8829,2430,0.8679,2415,0.8526,2496,0.9317,May 2023,06/16/2023
1640011,Windsor School District,,All Students,3268,0.9266,3217,0.9086,3214,0.9312,3254,0.9496,May 2023,06/16/2023
1640011,Windsor School District,Students With Disabilities,Students With Disabilities,637,0.9056,692,0.8736,659,0.8918,664,0.9282,May 2023,06/16/2023
1640011,Windsor School District,Free/Reduced Lunch,Free Meal Eligible,1079,0.9112,1078,0.8834,1141,0.8952,1227,0.9381,May 2023,06/16/2023
1640011,Windsor School District,Free/Reduced Lunch,Reduced Price Meal Eligible,240,0.9249,209,0.9093,172,0.9343,258,0.9456,May 2023,06/16/2023
1640011,Windsor School District,Free/Reduced Lunch,Free/Reduced Price Meal Eligible,1319,0.9137,1287,0.8878,1313,0.9003,1485,0.9394,May 2023,06/16/2023
1640011,Windsor School District,English Learners,English Learners,109,0.9002,124,0.8833,127,0.9139,128,0.941,May 2023,06/16/2023
1640011,Windsor School District,Race/Ethnicity,All other races,422,0.9309,415,0.9126,397,0.9452,365,0.95,May 2023,06/16/2023
1640011,Windsor School District,Race/Ethnicity,Black or African American,1339,0.9287,1305,0.9102,1326,0.9282,1401,0.9528,May 2023,06/16/2023
1640011,Windsor School District,Race/Ethnicity,Hispanic/Latino of any race,791,0.9149,772,0.893,734,0.9069,696,0.9405,May 2023,06/16/2023
1640011,Windsor School District,Race/Ethnicity,White,716,0.9329,725,0.9198,757,0.9525,792,0.9518,May 2023,06/16/2023
1640011,Windsor School District,High Needs,Students Without High Needs,1614,0.9405,1552,0.9296,1555,0.9594,1470,0.9615,May 2023,06/16/2023
1640011,Windsor School District,High Needs,Students With High Needs,1654,0.9132,1665,0.8885,1659,0.9045,1784,0.9396,May 2023,06/16/2023
1650011,Windsor Locks School District,,All Students,1452,0.9188,1428,0.9191,1440,0.9397,1511,0.9428,May 2023,06/16/2023
1650011,Windsor Locks School District,Students With Disabilities,Students With Disabilities,254,0.8949,249,0.8982,245,0.9022,253,0.9222,May 2023,06/16/2023
1650011,Windsor Locks School District,Free/Reduced Lunch,Free Meal Eligible,561,0.8971,555,0.8937,560,0.9101,687,0.9324,May 2023,06/16/2023
1650011,Windsor Locks School District,Free/Reduced Lunch,Reduced Price Meal Eligible,67,0.935,76,0.9315,66,0.9502,105,0.9397,May 2023,06/16/2023
1650011,Windsor Locks School District,Free/Reduced Lunch,Free/Reduced Price Meal Eligible,628,0.9011,631,0.8983,626,0.9144,792,0.9334,May 2023,06/16/2023
1650011,Windsor Locks School District,English Learners,English Learners,103,0.9197,108,0.9314,102,0.9471,90,0.9401,May 2023,06/16/2023
1650011,Windsor Locks School District,Race/Ethnicity,All other races,191,0.9168,188,0.9226,198,0.9497,198,0.9485,May 2023,06/16/2023
1650011,Windsor Locks School District,Race/Ethnicity,Black or African American,188,0.9023,181,0.8817,189,0.8921,201,0.9306,May 2023,06/16/2023
1650011,Windsor Locks School District,Race/Ethnicity,Hispanic/Latino of any race,272,0.9083,235,0.9149,242,0.9332,255,0.9301,May 2023,06/16/2023
1650011,Windsor Locks School District,Race/Ethnicity,White,801,0.9267,824,0.9275,811,0.9502,857,0.9479,May 2023,06/16/2023
1650011,Windsor Locks School District,High Needs,Students Without High Needs,678,0.936,645,0.9376,670,0.965,618,0.9568,May 2023,06/16/2023
1650011,Windsor Locks School District,High Needs,Students With High Needs,774,0.9041,783,0.9034,770,0.9175,893,0.9328,May 2023,06/16/2023
1660011,Wolcott School District,,All Students,2066,0.9402,2120,0.9427,2135,0.9535,2171,0.9522,May 2023,06/16/2023
1660011,Wolcott School District,Students With Disabilities,Students With Disabilities,310,0.9243,322,0.9248,314,0.9292,299,0.9393,May 2023,06/16/2023
1660011,Wolcott School District,Free/Reduced Lunch,Free Meal Eligible,473,0.9296,444,0.9318,435,0.9309,497,0.9424,May 2023,06/16/2023
1660011,Wolcott School District,Free/Reduced Lunch,Reduced Price Meal Eligible,138,0.9405,131,0.9348,119,0.95,143,0.9499,May 2023,06/16/2023
1660011,Wolcott School District,Free/Reduced Lunch,Free/Reduced Price Meal Eligible,611,0.9321,575,0.9324,554,0.9351,640,0.9441,May 2023,06/16/2023
1660011,Wolcott School District,English Learners,English Learners,99,0.941,87,0.9439,86,0.9616,74,0.9564,May 2023,06/16/2023
1660011,Wolcott School District,Race/Ethnicity,All other races,124,0.9492,128,0.945,143,0.9511,120,0.9583,May 2023,06/16/2023
1660011,Wolcott School District,Race/Ethnicity,Black or African American,77,0.9503,79,0.9547,71,0.9546,82,0.9624,May 2023,06/16/2023
1660011,Wolcott School District,Race/Ethnicity,Hispanic/Latino of any race,322,0.9304,296,0.933,259,0.9478,64,0.927,May 2023,06/16/2023
1660011,Wolcott School District,Race/Ethnicity,White,1543,0.941,1617,0.9437,1662,0.9546,1905,0.9522,May 2023,06/16/2023
1660011,Wolcott School District,High Needs,Students Without High Needs,1246,0.945,1304,0.9484,1353,0.9618,1349,0.9562,May 2023,06/16/2023
1660011,Wolcott School District,High Needs,Students With High Needs,820,0.933,816,0.9334,782,0.9389,822,0.9455,May 2023,06/16/2023
1670011,Woodbridge School District,,All Students,841,0.9435,834,0.9452,826,0.97,838,0.9568,May 2023,06/16/2023
1670011,Woodbridge School District,Students With Disabilities,Students With Disabilities,110,0.937,119,0.9379,108,0.964,96,0.9531,May 2023,06/16/2023
1670011,Woodbridge School District,Free/Reduced Lunch,Free Meal Eligible,93,0.939,,,93,0.9589,91,0.9555,May 2023,06/16/2023
1670011,Woodbridge School District,Free/Reduced Lunch,Reduced Price Meal Eligible,21,0.945,,,21,0.9664,30,0.9613,May 2023,06/16/2023
1670011,Woodbridge School District,Free/Reduced Lunch,Free/Reduced Price Meal Eligible,114,0.94,111,0.9341,114,0.9603,121,0.957,May 2023,06/16/2023
1670011,Woodbridge School District,English Learners,English Learners,39,0.9415,32,0.9434,25,0.9618,26,0.9579,May 2023,06/16/2023
1670011,Woodbridge School District,Race/Ethnicity,All other races,208,0.9501,205,0.9533,189,0.9756,179,0.9577,May 2023,06/16/2023
1670011,Woodbridge School District,Race/Ethnicity,White,556,0.9414,541,0.9432,540,0.9694,558,0.9563,May 2023,06/16/2023
1670011,Woodbridge School District,High Needs,Students Without High Needs,622,0.945,613,0.9471,613,0.9724,634,0.957,May 2023,06/16/2023
1670011,Woodbridge School District,High Needs,Students With High Needs,219,0.9393,221,0.9397,213,0.963,204,0.9561,May 2023,06/16/2023
1690011,Woodstock School District,,All Students,754,0.944,772,0.9471,778,0.9704,799,0.9502,May 2023,06/16/2023
1690011,Woodstock School District,Students With Disabilities,Students With Disabilities,106,0.9385,99,0.9417,96,0.9512,89,0.9362,May 2023,06/16/2023
1690011,Woodstock School District,Free/Reduced Lunch,Free Meal Eligible,121,0.9315,127,0.9347,106,0.9465,123,0.9288,May 2023,06/16/2023
1690011,Woodstock School District,Free/Reduced Lunch,Reduced Price Meal Eligible,30,0.9398,27,0.9207,30,0.9776,36,0.9399,May 2023,06/16/2023
1690011,Woodstock School District,Free/Reduced Lunch,Free/Reduced Price Meal Eligible,151,0.9331,154,0.9322,136,0.9536,159,0.9313,May 2023,06/16/2023
1690011,Woodstock School District,Race/Ethnicity,All other races,46,0.9448,50,0.9486,48,0.9628,49,0.937,May 2023,06/16/2023
1690011,Woodstock School District,Race/Ethnicity,White,664,0.9439,684,0.948,693,0.9718,717,0.9512,May 2023,06/16/2023
1690011,Woodstock School District,High Needs,Students Without High Needs,518,0.9473,543,0.951,567,0.9759,572,0.9565,May 2023,06/16/2023
1690011,Woodstock School District,High Needs,Students With High Needs,236,0.9369,229,0.9379,211,0.9551,227,0.9338,May 2023,06/16/2023
2010012,Regional School District 01,,All Students,323,0.925,334,0.9133,319,0.8848,349,0.9393,May 2023,06/16/2023
2010012,Regional School District 01,Students With Disabilities,Students With Disabilities,55,0.9026,61,0.8963,62,0.8617,62,0.9164,May 2023,06/16/2023
2010012,Regional School District 01,Free/Reduced Lunch,Free Meal Eligible,71,0.8869,90,0.8929,,,123,0.9212,May 2023,06/16/2023
2010012,Regional School District 01,Free/Reduced Lunch,Reduced Price Meal Eligible,30,0.9243,21,0.9011,,,32,0.9476,May 2023,06/16/2023
2010012,Regional School District 01,Free/Reduced Lunch,Free/Reduced Price Meal Eligible,101,0.8978,111,0.8944,105,0.8613,155,0.9267,May 2023,06/16/2023
2010012,Regional School District 01,Race/Ethnicity,Hispanic/Latino of any race,36,0.9293,46,0.9067,39,0.8572,50,0.9571,May 2023,06/16/2023
2010012,Regional School District 01,Race/Ethnicity,White,261,0.9278,262,0.9142,257,0.8895,275,0.936,May 2023,06/16/2023
2010012,Regional School District 01,High Needs,Students Without High Needs,188,0.942,184,0.9251,181,0.8967,172,0.9552,May 2023,06/16/2023
2010012,Regional School District 01,High Needs,Students With High Needs,135,0.9019,150,0.8984,138,0.8694,177,0.9236,May 2023,06/16/2023
2040012,Regional School District 04,,All Students,757,0.9266,814,0.9366,837,0.9516,858,0.9505,May 2023,06/16/2023
2040012,Regional School District 04,Students With Disabilities,Students With Disabilities,151,0.8846,156,0.9186,165,0.9252,166,0.9366,May 2023,06/16/2023
2040012,Regional School District 04,Free/Reduced Lunch,Free Meal Eligible,146,0.8993,149,0.9069,149,0.9094,153,0.9328,May 2023,06/16/2023
2040012,Regional School District 04,Free/Reduced Lunch,Reduced Price Meal Eligible,54,0.9303,40,0.949,35,0.9519,29,0.9514,May 2023,06/16/2023
2040012,Regional School District 04,Free/Reduced Lunch,Free/Reduced Price Meal Eligible,200,0.9078,189,0.916,184,0.9175,182,0.9359,May 2023,06/16/2023
2040012,Regional School District 04,Race/Ethnicity,Hispanic/Latino of any race,71,0.9401,56,0.9434,44,0.935,,,May 2023,06/16/2023
2040012,Regional School District 04,Race/Ethnicity,White,638,0.9254,702,0.9359,743,0.953,768,0.95,May 2023,06/16/2023
2040012,Regional School District 04,High Needs,Students Without High Needs,463,0.941,524,0.9451,543,0.9646,567,0.9562,May 2023,06/16/2023
2040012,Regional School District 04,High Needs,Students With High Needs,294,0.9041,290,0.921,294,0.9274,291,0.9392,May 2023,06/16/2023
2050012,Regional School District 05,,All Students,2068,0.9475,2132,0.9345,2186,0.9498,2196,0.9578,May 2023,06/16/2023
2050012,Regional School District 05,Students With Disabilities,Students With Disabilities,254,0.9109,270,0.8924,270,0.9144,280,0.9372,May 2023,06/16/2023
2050012,Regional School District 05,Free/Reduced Lunch,Free Meal Eligible,224,0.9306,238,0.9193,229,0.9241,226,0.9501,May 2023,06/16/2023
2050012,Regional School District 05,Free/Reduced Lunch,Reduced Price Meal Eligible,65,0.9128,57,0.9173,48,0.9373,62,0.9455,May 2023,06/16/2023
2050012,Regional School District 05,Free/Reduced Lunch,Free/Reduced Price Meal Eligible,289,0.9266,295,0.9189,277,0.9264,288,0.9492,May 2023,06/16/2023
2050012,Regional School District 05,Race/Ethnicity,All other races,399,0.9581,411,0.9519,403,0.962,420,0.9661,May 2023,06/16/2023
2050012,Regional School District 05,Race/Ethnicity,Black or African American,80,0.9395,74,0.9334,79,0.939,74,0.9575,May 2023,06/16/2023
2050012,Regional School District 05,Race/Ethnicity,Hispanic/Latino of any race,174,0.9397,162,0.9331,142,0.938,67,0.9509,May 2023,06/16/2023
2050012,Regional School District 05,Race/Ethnicity,White,1415,0.9459,1485,0.9299,1562,0.9482,1635,0.9559,May 2023,06/16/2023
2050012,Regional School District 05,High Needs,Students Without High Needs,1578,0.9548,1617,0.9426,1684,0.9575,1671,0.9618,May 2023,06/16/2023
2050012,Regional School District 05,High Needs,Students With High Needs,490,0.9241,515,0.9087,502,0.924,525,0.9448,May 2023,06/16/2023
2060012,Regional School District 06,,All Students,810,0.9215,830,0.9275,840,0.9525,852,0.9482,May 2023,06/16/2023
2060012,Regional School District 06,Students With Disabilities,Students With Disabilities,143,0.8939,155,0.9035,152,0.9369,137,0.9325,May 2023,06/16/2023
2060012,Regional School District 06,Free/Reduced Lunch,Free Meal Eligible,142,0.8949,169,0.914,171,0.9391,159,0.942,May 2023,06/16/2023
2060012,Regional School District 06,Free/Reduced Lunch,Reduced Price Meal Eligible,50,0.919,45,0.896,45,0.9429,51,0.934,May 2023,06/16/2023
2060012,Regional School District 06,Free/Reduced Lunch,Free/Reduced Price Meal Eligible,192,0.9012,214,0.9101,216,0.9399,210,0.9401,May 2023,06/16/2023
2060012,Regional School District 06,Race/Ethnicity,Hispanic/Latino of any race,43,0.9195,48,0.9236,46,0.9566,,,May 2023,06/16/2023
2060012,Regional School District 06,Race/Ethnicity,White,723,0.9215,738,0.9276,747,0.9519,766,0.9482,May 2023,06/16/2023
2060012,Regional School District 06,High Needs,Students Without High Needs,513,0.934,508,0.9366,518,0.9595,542,0.9536,May 2023,06/16/2023
2060012,Regional School District 06,High Needs,Students With High Needs,297,0.9004,322,0.9129,322,0.941,310,0.9387,May 2023,06/16/2023
2070012,Regional School District 07,,All Students,884,0.9324,906,0.9296,976,0.9638,1030,0.9485,May 2023,06/16/2023
2070012,Regional School District 07,Students With Disabilities,Students With Disabilities,200,0.917,202,0.9111,200,0.9441,191,0.9413,May 2023,06/16/2023
2070012,Regional School District 07,Free/Reduced Lunch,Free Meal Eligible,154,0.901,148,0.9074,165,0.9454,151,0.9344,May 2023,06/16/2023
2070012,Regional School District 07,Free/Reduced Lunch,Reduced Price Meal Eligible,53,0.9339,35,0.888,33,0.9589,55,0.9424,May 2023,06/16/2023
2070012,Regional School District 07,Free/Reduced Lunch,Free/Reduced Price Meal Eligible,207,0.9093,183,0.9036,198,0.9477,206,0.9365,May 2023,06/16/2023
2070012,Regional School District 07,Race/Ethnicity,Hispanic/Latino of any race,36,0.9218,35,0.9306,31,0.9674,,,May 2023,06/16/2023
2070012,Regional School District 07,Race/Ethnicity,White,814,0.9323,841,0.9304,914,0.9638,964,0.948,May 2023,06/16/2023
2070012,Regional School District 07,High Needs,Students Without High Needs,548,0.9429,582,0.9402,639,0.9713,696,0.9521,May 2023,06/16/2023
2070012,Regional School District 07,High Needs,Students With High Needs,336,0.9154,324,0.9108,337,0.9494,334,0.9408,May 2023,06/16/2023
2080012,Regional School District 08,,All Students,1204,0.9325,1216,0.9471,1297,0.9554,1405,0.9587,May 2023,06/16/2023
2080012,Regional School District 08,Students With Disabilities,Students With Disabilities,188,0.8982,180,0.9062,183,0.9184,190,0.9336,May 2023,06/16/2023
2080012,Regional School District 08,Free/Reduced Lunch,Free Meal Eligible,142,0.9023,171,0.921,160,0.9077,184,0.9454,May 2023,06/16/2023
2080012,Regional School District 08,Free/Reduced Lunch,Reduced Price Meal Eligible,28,0.9157,36,0.9319,37,0.9159,33,0.9367,May 2023,06/16/2023
2080012,Regional School District 08,Free/Reduced Lunch,Free/Reduced Price Meal Eligible,170,0.9046,207,0.9229,197,0.9092,217,0.9441,May 2023,06/16/2023
2080012,Regional School District 08,Race/Ethnicity,Hispanic/Latino of any race,95,0.9324,84,0.9472,81,0.9442,76,0.9515,May 2023,06/16/2023
2080012,Regional School District 08,Race/Ethnicity,White,1044,0.9333,1068,0.9482,1158,0.9556,1272,0.9593,May 2023,06/16/2023
2080012,Regional School District 08,High Needs,Students Without High Needs,892,0.9431,875,0.9577,971,0.9678,1061,0.9639,May 2023,06/16/2023
2080012,Regional School District 08,High Needs,Students With High Needs,312,0.9025,341,0.9194,326,0.9184,344,0.9424,May 2023,06/16/2023
2090012,Regional School District 09,,All Students,772,0.9299,818,0.9328,827,0.9537,864,0.9527,May 2023,06/16/2023
2090012,Regional School District 09,Students With Disabilities,Students With Disabilities,114,0.8731,119,0.888,120,0.9072,111,0.9203,May 2023,06/16/2023
2090012,Regional School District 09,Free/Reduced Lunch,Free/Reduced Price Meal Eligible,85,0.8826,99,0.907,82,0.9282,85,0.9377,May 2023,06/16/2023
2090012,Regional School District 09,Race/Ethnicity,All other races,65,0.9397,72,0.9462,80,0.9646,78,0.9562,May 2023,06/16/2023
2090012,Regional School District 09,Race/Ethnicity,White,633,0.9281,677,0.9314,680,0.954,719,0.9529,May 2023,06/16/2023
2090012,Regional School District 09,High Needs,Students Without High Needs,587,0.9413,618,0.942,639,0.9627,681,0.9582,May 2023,06/16/2023
2090012,Regional School District 09,High Needs,Students With High Needs,185,0.8945,200,0.9039,188,0.9225,183,0.9318,May 2023,06/16/2023
2100012,Regional School District 10,,All Students,2104,0.942,2121,0.944,2183,0.9573,2196,0.9575,May 2023,06/16/2023
2100012,Regional School District 10,Students With Disabilities,Students With Disabilities,286,0.9257,276,0.9282,258,0.9417,259,0.942,May 2023,06/16/2023
2100012,Regional School District 10,Free/Reduced Lunch,Free Meal Eligible,230,0.9214,215,0.9352,235,0.9363,235,0.9475,May 2023,06/16/2023
2100012,Regional School District 10,Free/Reduced Lunch,Reduced Price Meal Eligible,64,0.9501,50,0.9396,53,0.9501,38,0.9624,May 2023,06/16/2023
2100012,Regional School District 10,Free/Reduced Lunch,Free/Reduced Price Meal Eligible,294,0.9276,265,0.936,288,0.9389,273,0.9496,May 2023,06/16/2023
2100012,Regional School District 10,English Learners,English Learners,32,0.9534,31,0.9611,34,0.968,35,0.9608,May 2023,06/16/2023
2100012,Regional School District 10,Race/Ethnicity,All other races,524,0.9435,558,0.9458,401,0.9582,396,0.9574,May 2023,06/16/2023
2100012,Regional School District 10,Race/Ethnicity,White,1417,0.9423,1427,0.9434,1665,0.9577,1692,0.9578,May 2023,06/16/2023
2100012,Regional School District 10,High Needs,Students Without High Needs,1581,0.946,1628,0.9473,1695,0.9614,1715,0.9602,May 2023,06/16/2023
2100012,Regional School District 10,High Needs,Students With High Needs,523,0.9298,493,0.9331,488,0.943,481,0.948,May 2023,06/16/2023
2110012,Regional School District 11,,All Students,218,0.9229,210,0.9154,204,0.9354,209,0.9501,May 2023,06/16/2023
2110012,Regional School District 11,Students With Disabilities,Students With Disabilities,41,0.9047,40,0.8896,39,0.9015,38,0.934,May 2023,06/16/2023
2110012,Regional School District 11,Free/Reduced Lunch,Free Meal Eligible,59,0.9013,,,,,,,May 2023,06/16/2023
2110012,Regional School District 11,Free/Reduced Lunch,Reduced Price Meal Eligible,21,0.9306,,,,,,,May 2023,06/16/2023
2110012,Regional School District 11,Free/Reduced Lunch,Free/Reduced Price Meal Eligible,80,0.909,69,0.8985,71,0.9033,66,0.9328,May 2023,06/16/2023
2110012,Regional School District 11,Race/Ethnicity,White,191,0.9244,187,0.9165,176,0.9413,180,0.9519,May 2023,06/16/2023
2110012,Regional School District 11,High Needs,Students Without High Needs,116,0.9374,117,0.9298,110,0.9562,119,0.9567,May 2023,06/16/2023
2110012,Regional School District 11,High Needs,Students With High Needs,102,0.9068,93,0.8974,94,0.9111,90,0.9411,May 2023,06/16/2023
2120012,Regional School District 12,,All Students,761,0.9364,718,0.9346,686,0.9397,658,0.9446,May 2023,06/16/2023
2120012,Regional School District 12,Students With Disabilities,Students With Disabilities,111,0.9166,102,0.9076,97,0.9289,102,0.942,May 2023,06/16/2023
2120012,Regional School District 12,Free/Reduced Lunch,Free Meal Eligible,131,0.9266,126,0.9157,111,0.9012,121,0.9314,May 2023,06/16/2023
2120012,Regional School District 12,Free/Reduced Lunch,Reduced Price Meal Eligible,32,0.9279,36,0.9269,31,0.9398,25,0.9522,May 2023,06/16/2023
2120012,Regional School District 12,Free/Reduced Lunch,Free/Reduced Price Meal Eligible,163,0.9269,162,0.9182,142,0.9096,146,0.9351,May 2023,06/16/2023
2120012,Regional School District 12,Race/Ethnicity,Hispanic/Latino of any race,76,0.9289,74,0.9219,63,0.9,50,0.941,May 2023,06/16/2023
2120012,Regional School District 12,Race/Ethnicity,White,643,0.9384,604,0.9369,591,0.944,578,0.9452,May 2023,06/16/2023
2120012,Regional School District 12,High Needs,Students Without High Needs,512,0.9426,479,0.9441,469,0.9487,434,0.9489,May 2023,06/16/2023
2120012,Regional School District 12,High Needs,Students With High Needs,249,0.9236,239,0.9157,217,0.9202,224,0.9362,May 2023,06/16/2023
2130012,Regional School District 13,,All Students,1359,0.9401,1344,0.9385,1412,0.9581,1471,0.9559,May 2023,06/16/2023
2130012,Regional School District 13,Students With Disabilities,Students With Disabilities,298,0.9187,303,0.9134,289,0.9391,270,0.9462,May 2023,06/16/2023
2130012,Regional School District 13,Free/Reduced Lunch,Free Meal Eligible,174,0.9143,174,0.908,165,0.9304,167,0.946,May 2023,06/16/2023
2130012,Regional School District 13,Free/Reduced Lunch,Reduced Price Meal Eligible,39,0.9267,41,0.9164,42,0.9142,45,0.9355,May 2023,06/16/2023
2130012,Regional School District 13,Free/Reduced Lunch,Free/Reduced Price Meal Eligible,213,0.9165,215,0.9096,207,0.9271,212,0.9438,May 2023,06/16/2023
2130012,Regional School District 13,English Learners,English Learners,28,0.9511,,,,,,,May 2023,06/16/2023
2130012,Regional School District 13,Race/Ethnicity,Hispanic/Latino of any race,114,0.931,99,0.9205,97,0.9433,98,0.9512,May 2023,06/16/2023
2130012,Regional School District 13,Race/Ethnicity,White,1177,0.9412,1181,0.9394,1247,0.9592,1292,0.9558,May 2023,06/16/2023
2130012,Regional School District 13,High Needs,Students Without High Needs,915,0.9485,910,0.9487,986,0.9667,1047,0.9597,May 2023,06/16/2023
2130012,Regional School District 13,High Needs,Students With High Needs,444,0.923,434,0.9168,426,0.938,424,0.9464,May 2023,06/16/2023
2140012,Regional School District 14,,All Students,1566,0.9495,1557,0.9413,1550,0.9631,1566,0.9509,May 2023,06/16/2023
2140012,Regional School District 14,Students With Disabilities,Students With Disabilities,265,0.9461,271,0.9315,251,0.9422,255,0.9401,May 2023,06/16/2023
2140012,Regional School District 14,Free/Reduced Lunch,Free Meal Eligible,269,0.9377,255,0.9241,212,0.9364,261,0.9313,May 2023,06/16/2023
2140012,Regional School District 14,Free/Reduced Lunch,Reduced Price Meal Eligible,99,0.9494,85,0.9297,80,0.9498,70,0.9471,May 2023,06/16/2023
2140012,Regional School District 14,Free/Reduced Lunch,Free/Reduced Price Meal Eligible,368,0.9408,340,0.9255,292,0.9401,331,0.9346,May 2023,06/16/2023
2140012,Regional School District 14,English Learners,English Learners,30,0.9545,27,0.9315,22,0.9364,,,May 2023,06/16/2023
2140012,Regional School District 14,Race/Ethnicity,All other races,66,0.9491,,,,,,,May 2023,06/16/2023
2140012,Regional School District 14,Race/Ethnicity,Black or African American,23,0.9373,,,,,,,May 2023,06/16/2023
2140012,Regional School District 14,Race/Ethnicity,Hispanic/Latino of any race,154,0.9301,128,0.9351,115,0.9433,92,0.945,May 2023,06/16/2023
2140012,Regional School District 14,Race/Ethnicity,White,1323,0.952,1343,0.9419,1348,0.9642,1396,0.9511,May 2023,06/16/2023
2140012,Regional School District 14,High Needs,Students Without High Needs,1008,0.9524,1009,0.9465,1049,0.9725,1040,0.957,May 2023,06/16/2023
2140012,Regional School District 14,High Needs,Students With High Needs,558,0.9443,548,0.9315,501,0.9435,526,0.9386,May 2023,06/16/2023
2150012,Regional School District 15,,All Students,3406,0.9448,3497,0.9304,3472,0.9731,3591,0.9562,May 2023,06/16/2023
2150012,Regional School District 15,Students With Disabilities,Students With Disabilities,580,0.9309,642,0.9098,607,0.9602,627,0.9442,May 2023,06/16/2023
2150012,Regional School District 15,Free/Reduced Lunch,Free Meal Eligible,364,0.9239,365,0.907,362,0.9528,358,0.9395,May 2023,06/16/2023
2150012,Regional School District 15,Free/Reduced Lunch,Reduced Price Meal Eligible,92,0.9384,92,0.9132,82,0.9621,101,0.9361,May 2023,06/16/2023
2150012,Regional School District 15,Free/Reduced Lunch,Free/Reduced Price Meal Eligible,456,0.9267,457,0.9082,444,0.9545,459,0.9388,May 2023,06/16/2023
2150012,Regional School District 15,English Learners,English Learners,63,0.9378,53,0.9227,50,0.9668,43,0.955,May 2023,06/16/2023
2150012,Regional School District 15,Race/Ethnicity,All other races,274,0.9546,299,0.9408,285,0.9808,289,0.9667,May 2023,06/16/2023
2150012,Regional School District 15,Race/Ethnicity,Black or African American,78,0.9486,89,0.9399,80,0.9624,63,0.9653,May 2023,06/16/2023
2150012,Regional School District 15,Race/Ethnicity,Hispanic/Latino of any race,296,0.9392,283,0.9197,229,0.964,214,0.9555,May 2023,06/16/2023
2150012,Regional School District 15,Race/Ethnicity,White,2758,0.9444,2826,0.9301,2878,0.9734,3025,0.9551,May 2023,06/16/2023
2150012,Regional School District 15,High Needs,Students Without High Needs,2480,0.9497,2517,0.9377,2529,0.9773,2620,0.9603,May 2023,06/16/2023
2150012,Regional School District 15,High Needs,Students With High Needs,926,0.932,980,0.9112,943,0.9617,971,0.945,May 2023,06/16/2023
2160012,Regional School District 16,,All Students,1924,0.9455,1935,0.9524,1982,0.9616,2038,0.9614,May 2023,06/16/2023
2160012,Regional School District 16,Students With Disabilities,Students With Disabilities,270,0.9363,283,0.9328,271,0.9371,253,0.9552,May 2023,06/16/2023
2160012,Regional School District 16,Free/Reduced Lunch,Free Meal Eligible,305,0.9321,300,0.9345,305,0.943,361,0.9462,May 2023,06/16/2023
2160012,Regional School District 16,Free/Reduced Lunch,Reduced Price Meal Eligible,109,0.9322,89,0.945,92,0.959,88,0.9557,May 2023,06/16/2023
2160012,Regional School District 16,Free/Reduced Lunch,Free/Reduced Price Meal Eligible,414,0.9321,389,0.9369,397,0.9467,449,0.9481,May 2023,06/16/2023
2160012,Regional School District 16,English Learners,English Learners,44,0.9412,41,0.9472,45,0.964,40,0.9484,May 2023,06/16/2023
2160012,Regional School District 16,Race/Ethnicity,All other races,78,0.9492,72,0.9528,64,0.9558,69,0.9594,May 2023,06/16/2023
2160012,Regional School District 16,Race/Ethnicity,Black or African American,80,0.9544,80,0.9599,85,0.9688,75,0.9693,May 2023,06/16/2023
2160012,Regional School District 16,Race/Ethnicity,Hispanic/Latino of any race,182,0.9386,163,0.9469,143,0.9634,130,0.9541,May 2023,06/16/2023
2160012,Regional School District 16,Race/Ethnicity,White,1584,0.9457,1620,0.9526,1690,0.9613,1764,0.9617,May 2023,06/16/2023
2160012,Regional School District 16,High Needs,Students Without High Needs,1315,0.9502,1339,0.9584,1372,0.9689,1408,0.9656,May 2023,06/16/2023
2160012,Regional School District 16,High Needs,Students With High Needs,609,0.9353,596,0.9387,610,0.9447,630,0.9519,May 2023,06/16/2023
2170012,Regional School District 17,,All Students,1766,0.9489,1756,0.9573,1805,0.9669,1914,0.967,May 2023,06/16/2023
2170012,Regional School District 17,Students With Disabilities,Students With Disabilities,294,0.9376,281,0.9528,282,0.9655,298,0.9633,May 2023,06/16/2023
2170012,Regional School District 17,Free/Reduced Lunch,Free Meal Eligible,188,0.9378,175,0.9432,198,0.9557,208,0.9471,May 2023,06/16/2023
2170012,Regional School District 17,Free/Reduced Lunch,Reduced Price Meal Eligible,54,0.9551,49,0.9598,46,0.9666,48,0.966,May 2023,06/16/2023
2170012,Regional School District 17,Free/Reduced Lunch,Free/Reduced Price Meal Eligible,242,0.9416,224,0.947,244,0.9578,256,0.9507,May 2023,06/16/2023
2170012,Regional School District 17,Race/Ethnicity,Hispanic/Latino of any race,87,0.9379,,,74,0.9733,,,May 2023,06/16/2023
2170012,Regional School District 17,Race/Ethnicity,White,1575,0.9499,1574,0.9572,1626,0.9668,1744,0.9673,May 2023,06/16/2023
2170012,Regional School District 17,High Needs,Students Without High Needs,1290,0.9518,1303,0.9592,1337,0.9684,1414,0.9699,May 2023,06/16/2023
2170012,Regional School District 17,High Needs,Students With High Needs,476,0.9409,453,0.9518,468,0.9624,500,0.959,May 2023,06/16/2023
2180012,Regional School District 18,,All Students,1199,0.9401,1228,0.9399,1203,0.9611,1222,0.9545,May 2023,06/16/2023
2180012,Regional School District 18,Students With Disabilities,Students With Disabilities,166,0.9297,162,0.9203,156,0.9447,158,0.9456,May 2023,06/16/2023
2180012,Regional School District 18,Free/Reduced Lunch,Free Meal Eligible,133,0.927,156,0.9123,162,0.9409,167,0.9448,May 2023,06/16/2023
2180012,Regional School District 18,Free/Reduced Lunch,Reduced Price Meal Eligible,31,0.9437,24,0.9335,34,0.9413,46,0.9455,May 2023,06/16/2023
2180012,Regional School District 18,Free/Reduced Lunch,Free/Reduced Price Meal Eligible,164,0.9302,180,0.9152,196,0.941,213,0.945,May 2023,06/16/2023
2180012,Regional School District 18,English Learners,English Learners,32,0.9449,31,0.9351,32,0.9635,28,0.9676,May 2023,06/16/2023
2180012,Regional School District 18,Race/Ethnicity,All other races,85,0.9445,,,,,,,May 2023,06/16/2023
2180012,Regional School District 18,Race/Ethnicity,White,1027,0.9396,1060,0.9392,1048,0.961,1065,0.9541,May 2023,06/16/2023
2180012,Regional School District 18,High Needs,Students Without High Needs,884,0.9427,906,0.9459,875,0.9672,888,0.9574,May 2023,06/16/2023
2180012,Regional School District 18,High Needs,Students With High Needs,315,0.9328,322,0.923,328,0.9448,334,0.9467,May 2023,06/16/2023
2190012,Regional School District 19,,All Students,1100,0.9262,1124,0.9359,1105,0.9707,1101,0.9621,May 2023,06/16/2023
2190012,Regional School District 19,Students With Disabilities,Students With Disabilities,181,0.8974,190,0.908,184,0.9503,172,0.9571,May 2023,06/16/2023
2190012,Regional School District 19,Free/Reduced Lunch,Free Meal Eligible,211,0.8756,229,0.8921,249,0.9477,237,0.9487,May 2023,06/16/2023
2190012,Regional School District 19,Free/Reduced Lunch,Reduced Price Meal Eligible,53,0.9116,48,0.9288,51,0.9751,53,0.9587,May 2023,06/16/2023
2190012,Regional School District 19,Free/Reduced Lunch,Free/Reduced Price Meal Eligible,264,0.8828,277,0.8986,300,0.9524,290,0.9506,May 2023,06/16/2023
2190012,Regional School District 19,Race/Ethnicity,All other races,88,0.9467,84,0.9645,142,0.9756,167,0.9653,May 2023,06/16/2023
2190012,Regional School District 19,Race/Ethnicity,Black or African American,41,0.9121,50,0.9199,,,,,May 2023,06/16/2023
2190012,Regional School District 19,Race/Ethnicity,Hispanic/Latino of any race,138,0.8951,127,0.9072,,,,,May 2023,06/16/2023
2190012,Regional School District 19,Race/Ethnicity,White,833,0.93,863,0.9382,833,0.9712,812,0.9616,May 2023,06/16/2023
2190012,Regional School District 19,High Needs,Students Without High Needs,723,0.9436,735,0.9494,702,0.9802,709,0.9668,May 2023,06/16/2023
2190012,Regional School District 19,High Needs,Students With High Needs,377,0.8939,389,0.9098,403,0.9541,392,0.9535,May 2023,06/16/2023
2310018,Goodwin University Educational Services (GUES),,All Students,1014,0.909,932,0.8861,,,,,May 2023,06/16/2023
2310018,Goodwin University Educational Services (GUES),Students With Disabilities,Students With Disabilities,174,0.8999,166,0.8509,,,,,May 2023,06/16/2023
2310018,Goodwin University Educational Services (GUES),Free/Reduced Lunch,Free Meal Eligible,603,0.8953,506,0.8662,,,,,May 2023,06/16/2023
2310018,Goodwin University Educational Services (GUES),Free/Reduced Lunch,Reduced Price Meal Eligible,115,0.9326,101,0.9002,,,,,May 2023,06/16/2023
2310018,Goodwin University Educational Services (GUES),Free/Reduced Lunch,Free/Reduced Price Meal Eligible,718,0.9012,607,0.8718,,,,,May 2023,06/16/2023
2310018,Goodwin University Educational Services (GUES),English Learners,English Learners,148,0.8983,141,0.8655,,,,,May 2023,06/16/2023
2310018,Goodwin University Educational Services (GUES),Race/Ethnicity,All other races,78,0.9027,78,0.9081,,,,,May 2023,06/16/2023
2310018,Goodwin University Educational Services (GUES),Race/Ethnicity,Black or African American,314,0.9196,262,0.8904,,,,,May 2023,06/16/2023
2310018,Goodwin University Educational Services (GUES),Race/Ethnicity,Hispanic/Latino of any race,500,0.8984,460,0.8723,,,,,May 2023,06/16/2023
2310018,Goodwin University Educational Services (GUES),Race/Ethnicity,White,122,0.929,132,0.9125,,,,,May 2023,06/16/2023
2310018,Goodwin University Educational Services (GUES),High Needs,Students Without High Needs,248,0.9309,270,0.917,,,,,May 2023,06/16/2023
2310018,Goodwin University Educational Services (GUES),High Needs,Students With High Needs,766,0.9018,662,0.8735,,,,,May 2023,06/16/2023
2410014,Capitol Region Education Council,,All Students,7613,0.9031,7559,0.8933,7770,0.9084,7606,0.9305,May 2023,06/16/2023
2410014,Capitol Region Education Council,Homelessness,Students Experiencing Homelessness,46,0.8477,60,0.7831,55,0.7809,61,0.8775,May 2023,06/16/2023
2410014,Capitol Region Education Council,Students With Disabilities,Students With Disabilities,1641,0.8873,1686,0.8758,1624,0.8843,1538,0.911,May 2023,06/16/2023
2410014,Capitol Region Education Council,Free/Reduced Lunch,Free Meal Eligible,4454,0.8869,4376,0.8736,4347,0.8794,4156,0.9181,May 2023,06/16/2023
2410014,Capitol Region Education Council,Free/Reduced Lunch,Reduced Price Meal Eligible,709,0.9189,708,0.9116,750,0.927,673,0.9433,May 2023,06/16/2023
2410014,Capitol Region Education Council,Free/Reduced Lunch,Free/Reduced Price Meal Eligible,5163,0.8913,5084,0.8789,5097,0.8864,4829,0.9216,May 2023,06/16/2023
2410014,Capitol Region Education Council,English Learners,English Learners,728,0.8932,672,0.8832,668,0.8822,640,0.9267,May 2023,06/16/2023
2410014,Capitol Region Education Council,Race/Ethnicity,All other races,784,0.9154,770,0.9119,813,0.946,788,0.9404,May 2023,06/16/2023
2410014,Capitol Region Education Council,Race/Ethnicity,Black or African American,2454,0.9128,2397,0.8988,2371,0.8984,2280,0.933,May 2023,06/16/2023
2410014,Capitol Region Education Council,Race/Ethnicity,Hispanic/Latino of any race,3285,0.8884,3176,0.8764,3184,0.8893,2960,0.9198,May 2023,06/16/2023
2410014,Capitol Region Education Council,Race/Ethnicity,White,1090,0.9167,1216,0.915,1402,0.9468,1578,0.9419,May 2023,06/16/2023
2410014,Capitol Region Education Council,High Needs,Students Without High Needs,1983,0.9325,1996,0.9272,2140,0.9546,2237,0.9496,May 2023,06/16/2023
2410014,Capitol Region Education Council,High Needs,Students With High Needs,5630,0.8928,5563,0.8811,5630,0.8907,5369,0.9225,May 2023,06/16/2023
2420014,EdAdvance,,All Students,106,0.8123,125,0.7912,96,0.791,93,0.8697,May 2023,06/16/2023
2420014,EdAdvance,Free/Reduced Lunch,Free Meal Eligible,52,0.7767,,,49,0.7398,,,May 2023,06/16/2023
2420014,EdAdvance,Free/Reduced Lunch,Free/Reduced Price Meal Eligible,56,0.7781,51,0.7202,51,0.7417,39,0.8197,May 2023,06/16/2023
2420014,EdAdvance,Race/Ethnicity,Hispanic/Latino of any race,22,0.7614,27,0.8044,,,25,0.7872,May 2023,06/16/2023
2420014,EdAdvance,Race/Ethnicity,White,65,0.8293,77,0.7795,62,0.828,56,0.9043,May 2023,06/16/2023
2430014,Cooperative Educational Services,,All Students,665,0.9146,686,0.9056,675,0.9093,682,0.9307,May 2023,06/16/2023
2430014,Cooperative Educational Services,Students With Disabilities,Students With Disabilities,333,0.8901,344,0.8773,339,0.8759,345,0.9071,May 2023,06/16/2023
2430014,Cooperative Educational Services,Free/Reduced Lunch,Free Meal Eligible,168,0.8954,221,0.8808,175,0.8678,248,0.9063,May 2023,06/16/2023
2430014,Cooperative Educational Services,Free/Reduced Lunch,Reduced Price Meal Eligible,89,0.9188,110,0.9234,70,0.8993,66,0.9396,May 2023,06/16/2023
2430014,Cooperative Educational Services,Free/Reduced Lunch,Free/Reduced Price Meal Eligible,257,0.9035,331,0.8951,245,0.8771,314,0.9135,May 2023,06/16/2023
2430014,Cooperative Educational Services,English Learners,English Learners,39,0.9186,47,0.9242,35,0.9243,38,0.9302,May 2023,06/16/2023
2430014,Cooperative Educational Services,Race/Ethnicity,All other races,74,0.9263,80,0.8928,67,0.9158,71,0.9506,May 2023,06/16/2023
2430014,Cooperative Educational Services,Race/Ethnicity,Black or African American,141,0.9167,151,0.9118,147,0.9129,158,0.9373,May 2023,06/16/2023
2430014,Cooperative Educational Services,Race/Ethnicity,Hispanic/Latino of any race,248,0.9138,252,0.9018,246,0.9108,236,0.9297,May 2023,06/16/2023
2430014,Cooperative Educational Services,Race/Ethnicity,White,202,0.9099,203,0.9107,215,0.903,217,0.9205,May 2023,06/16/2023
2430014,Cooperative Educational Services,High Needs,Students Without High Needs,207,0.9442,170,0.9344,212,0.9585,173,0.964,May 2023,06/16/2023
2430014,Cooperative Educational Services,High Needs,Students With High Needs,458,0.9012,516,0.8957,463,0.8856,509,0.9192,May 2023,06/16/2023
2440014,Area Cooperative Educational Services,,All Students,1724,0.8522,1752,0.8556,1813,0.8279,1810,0.9216,May 2023,06/16/2023
2440014,Area Cooperative Educational Services,Students With Disabilities,Students With Disabilities,734,0.8243,767,0.8245,782,0.7892,780,0.8869,May 2023,06/16/2023
2440014,Area Cooperative Educational Services,Free/Reduced Lunch,Free Meal Eligible,680,0.8204,935,0.8272,968,0.787,965,0.911,May 2023,06/16/2023
2440014,Area Cooperative Educational Services,Free/Reduced Lunch,Reduced Price Meal Eligible,120,0.8616,139,0.8738,136,0.8588,133,0.9565,May 2023,06/16/2023
2440014,Area Cooperative Educational Services,Free/Reduced Lunch,Free/Reduced Price Meal Eligible,800,0.8267,1074,0.8334,1104,0.7959,1098,0.9166,May 2023,06/16/2023
2440014,Area Cooperative Educational Services,English Learners,English Learners,74,0.8482,101,0.8484,143,0.8116,123,0.9276,May 2023,06/16/2023
2440014,Area Cooperative Educational Services,Race/Ethnicity,All other races,140,0.8437,148,0.8434,167,0.8481,154,0.9311,May 2023,06/16/2023
2440014,Area Cooperative Educational Services,Race/Ethnicity,Black or African American,591,0.8491,593,0.8575,557,0.8209,579,0.9099,May 2023,06/16/2023
2440014,Area Cooperative Educational Services,Race/Ethnicity,Hispanic/Latino of any race,554,0.8404,585,0.8393,685,0.8106,652,0.9227,May 2023,06/16/2023
2440014,Area Cooperative Educational Services,Race/Ethnicity,White,439,0.8743,426,0.8792,404,0.858,425,0.9321,May 2023,06/16/2023
2440014,Area Cooperative Educational Services,High Needs,Students Without High Needs,566,0.8816,397,0.9011,411,0.903,344,0.9545,May 2023,06/16/2023
2440014,Area Cooperative Educational Services,High Needs,Students With High Needs,1158,0.8378,1355,0.8418,1402,0.8057,1466,0.9138,May 2023,06/16/2023
2450014,Learn,,All Students,988,0.9233,973,0.9106,1895,0.8942,1994,0.9428,May 2023,06/16/2023
2450014,Learn,Students With Disabilities,Students With Disabilities,190,0.9168,210,0.8875,358,0.85,372,0.9277,May 2023,06/16/2023
2450014,Learn,Free/Reduced Lunch,Free Meal Eligible,473,0.912,435,0.8877,933,0.8539,1062,0.9303,May 2023,06/16/2023
2450014,Learn,Free/Reduced Lunch,Reduced Price Meal Eligible,78,0.9257,71,0.9035,160,0.9018,186,0.9572,May 2023,06/16/2023
2450014,Learn,Free/Reduced Lunch,Free/Reduced Price Meal Eligible,551,0.9139,506,0.8899,1093,0.8609,1248,0.9343,May 2023,06/16/2023
2450014,Learn,English Learners,English Learners,106,0.9185,93,0.887,211,0.8409,249,0.935,May 2023,06/16/2023
2450014,Learn,Race/Ethnicity,All other races,139,0.9222,154,0.9057,211,0.9246,230,0.9492,May 2023,06/16/2023
2450014,Learn,Race/Ethnicity,Black or African American,91,0.9386,99,0.9138,338,0.8626,323,0.9491,May 2023,06/16/2023
2450014,Learn,Race/Ethnicity,Hispanic/Latino of any race,360,0.9157,333,0.9001,783,0.8692,820,0.93,May 2023,06/16/2023
2450014,Learn,Race/Ethnicity,White,398,0.9271,387,0.9208,563,0.9366,621,0.9542,May 2023,06/16/2023
2450014,Learn,High Needs,Students Without High Needs,365,0.9349,380,0.9359,660,0.9442,624,0.9591,May 2023,06/16/2023
2450014,Learn,High Needs,Students With High Needs,623,0.9165,593,0.8944,1235,0.8674,1370,0.9354,May 2023,06/16/2023
2530014,Eastern Connecticut Regional Educational Service Center (EASTCONN),,All Students,389,0.8798,384,0.8407,428,0.8067,487,0.9082,May 2023,06/16/2023
2530014,Eastern Connecticut Regional Educational Service Center (EASTCONN),Students With Disabilities,Students With Disabilities,141,0.8662,159,0.8332,192,0.8348,208,0.909,May 2023,06/16/2023
2530014,Eastern Connecticut Regional Educational Service Center (EASTCONN),Free/Reduced Lunch,Free Meal Eligible,210,0.8794,,,196,0.7627,235,0.8903,May 2023,06/16/2023
2530014,Eastern Connecticut Regional Educational Service Center (EASTCONN),Free/Reduced Lunch,Free/Reduced Price Meal Eligible,225,0.8778,150,0.8094,220,0.7708,253,0.892,May 2023,06/16/2023
2530014,Eastern Connecticut Regional Educational Service Center (EASTCONN),Race/Ethnicity,Hispanic/Latino of any race,64,0.8618,70,0.8302,87,0.767,105,0.8879,May 2023,06/16/2023
2530014,Eastern Connecticut Regional Educational Service Center (EASTCONN),Race/Ethnicity,White,281,0.8861,272,0.847,290,0.8237,326,0.9171,May 2023,06/16/2023
2530014,Eastern Connecticut Regional Educational Service Center (EASTCONN),High Needs,Students Without High Needs,92,0.8749,155,0.8605,123,0.8405,143,0.9276,May 2023,06/16/2023
2530014,Eastern Connecticut Regional Educational Service Center (EASTCONN),High Needs,Students With High Needs,297,0.8812,229,0.8274,305,0.7927,344,0.9001,May 2023,06/16/2023
2610013,Jumoke Academy District,,All Students,559,0.9184,594,0.9046,639,0.9371,625,0.9401,May 2023,06/16/2023
2610013,Jumoke Academy District,Students With Disabilities,Students With Disabilities,37,0.911,50,0.895,51,0.9514,39,0.948,May 2023,06/16/2023
2610013,Jumoke Academy District,Race/Ethnicity,Black or African American,513,0.9187,556,0.9062,595,0.9389,587,0.9411,May 2023,06/16/2023
2610013,Jumoke Academy District,Race/Ethnicity,Hispanic/Latino of any race,38,0.918,26,0.8941,31,0.9205,26,0.9382,May 2023,06/16/2023
2610013,Jumoke Academy District,High Needs,Students Without High Needs,51,0.9064,22,0.9041,441,0.9295,376,0.9338,May 2023,06/16/2023
2610013,Jumoke Academy District,High Needs,Students With High Needs,508,0.9194,572,0.9047,198,0.954,249,0.9495,May 2023,06/16/2023
2630013,Odyssey Community School District,,All Students,329,0.9377,314,0.9367,320,0.955,322,0.9525,May 2023,06/16/2023
2630013,Odyssey Community School District,Students With Disabilities,Students With Disabilities,30,0.9395,31,0.9221,29,0.9151,28,0.9575,May 2023,06/16/2023
2630013,Odyssey Community School District,Free/Reduced Lunch,Free Meal Eligible,118,0.9424,,,104,0.9457,110,0.9604,May 2023,06/16/2023
2630013,Odyssey Community School District,Free/Reduced Lunch,Reduced Price Meal Eligible,23,0.9503,,,26,0.9257,27,0.9525,May 2023,06/16/2023
2630013,Odyssey Community School District,Free/Reduced Lunch,Free/Reduced Price Meal Eligible,141,0.9437,123,0.9452,130,0.9417,137,0.9588,May 2023,06/16/2023
2630013,Odyssey Community School District,English Learners,English Learners,41,0.9352,43,0.9141,44,0.955,47,0.9594,May 2023,06/16/2023
2630013,Odyssey Community School District,Race/Ethnicity,All other races,97,0.9144,85,0.9098,80,0.9703,76,0.9357,May 2023,06/16/2023
2630013,Odyssey Community School District,Race/Ethnicity,Black or African American,75,0.963,70,0.9621,69,0.9506,72,0.9746,May 2023,06/16/2023
2630013,Odyssey Community School District,Race/Ethnicity,Hispanic/Latino of any race,66,0.939,63,0.9298,73,0.9391,65,0.9507,May 2023,06/16/2023
2630013,Odyssey Community School District,Race/Ethnicity,White,91,0.9411,96,0.9462,98,0.9575,109,0.9509,May 2023,06/16/2023
2630013,Odyssey Community School District,High Needs,Students Without High Needs,161,0.9345,163,0.9415,164,0.9665,151,0.9485,May 2023,06/16/2023
2630013,Odyssey Community School District,High Needs,Students With High Needs,168,0.9407,151,0.9314,156,0.9429,171,0.956,May 2023,06/16/2023
2640013,Integrated Day Charter School District,,All Students,325,0.9375,317,0.9332,317,0.9515,318,0.9602,May 2023,06/16/2023
2640013,Integrated Day Charter School District,Students With Disabilities,Students With Disabilities,36,0.9376,37,0.9245,32,0.9439,27,0.9627,May 2023,06/16/2023
2640013,Integrated Day Charter School District,Free/Reduced Lunch,Free Meal Eligible,156,0.9303,140,0.9262,132,0.9424,116,0.9585,May 2023,06/16/2023
2640013,Integrated Day Charter School District,Free/Reduced Lunch,Reduced Price Meal Eligible,26,0.9251,34,0.9283,33,0.9438,36,0.9484,May 2023,06/16/2023
2640013,Integrated Day Charter School District,Free/Reduced Lunch,Free/Reduced Price Meal Eligible,182,0.9296,174,0.9266,165,0.9427,152,0.9561,May 2023,06/16/2023
2640013,Integrated Day Charter School District,English Learners,English Learners,22,0.9463,22,0.9411,25,0.9559,29,0.9709,May 2023,06/16/2023
2640013,Integrated Day Charter School District,Race/Ethnicity,All other races,80,0.948,84,0.947,81,0.9562,75,0.964,May 2023,06/16/2023
2640013,Integrated Day Charter School District,Race/Ethnicity,Black or African American,34,0.9257,33,0.9375,34,0.9417,34,0.9587,May 2023,06/16/2023
2640013,Integrated Day Charter School District,Race/Ethnicity,Hispanic/Latino of any race,69,0.9354,63,0.9193,56,0.933,56,0.9514,May 2023,06/16/2023
2640013,Integrated Day Charter School District,Race/Ethnicity,White,142,0.9355,137,0.93,146,0.9582,153,0.9619,May 2023,06/16/2023
2640013,Integrated Day Charter School District,High Needs,Students Without High Needs,133,0.9469,130,0.9397,136,0.9606,146,0.962,May 2023,06/16/2023
2640013,Integrated Day Charter School District,High Needs,Students With High Needs,192,0.9309,187,0.9286,181,0.9446,172,0.9586,May 2023,06/16/2023
2650013,Interdistrict School for Arts and Comm District,,All Students,268,0.9229,272,0.9279,276,0.9587,271,0.9512,May 2023,06/16/2023
2650013,Interdistrict School for Arts and Comm District,Students With Disabilities,Students With Disabilities,41,0.8873,53,0.903,55,0.9577,48,0.9391,May 2023,06/16/2023
2650013,Interdistrict School for Arts and Comm District,Free/Reduced Lunch,Free Meal Eligible,164,0.9158,172,0.9146,181,0.9519,168,0.9466,May 2023,06/16/2023
2650013,Interdistrict School for Arts and Comm District,Free/Reduced Lunch,Reduced Price Meal Eligible,26,0.9153,25,0.9436,,,21,0.954,May 2023,06/16/2023
2650013,Interdistrict School for Arts and Comm District,Free/Reduced Lunch,Free/Reduced Price Meal Eligible,190,0.9158,197,0.9183,198,0.9522,189,0.9474,May 2023,06/16/2023
2650013,Interdistrict School for Arts and Comm District,English Learners,English Learners,56,0.9333,56,0.9255,54,0.9568,52,0.9511,May 2023,06/16/2023
2650013,Interdistrict School for Arts and Comm District,Race/Ethnicity,All other races,23,0.912,,,,,,,May 2023,06/16/2023
2650013,Interdistrict School for Arts and Comm District,Race/Ethnicity,Black or African American,47,0.9382,41,0.9492,49,0.9586,,,May 2023,06/16/2023
2650013,Interdistrict School for Arts and Comm District,Race/Ethnicity,Hispanic/Latino of any race,165,0.9255,180,0.9264,174,0.9571,168,0.9529,May 2023,06/16/2023
2650013,Interdistrict School for Arts and Comm District,Race/Ethnicity,White,33,0.8956,,,,,46,0.9484,May 2023,06/16/2023
2650013,Interdistrict School for Arts and Comm District,High Needs,Students Without High Needs,64,0.9379,60,0.9529,61,0.9771,67,0.9601,May 2023,06/16/2023
2650013,Interdistrict School for Arts and Comm District,High Needs,Students With High Needs,204,0.9182,212,0.9208,215,0.9534,204,0.9482,May 2023,06/16/2023
2680013,Common Ground High School District,,All Students,203,0.8729,211,0.8434,232,0.8024,215,0.9365,May 2023,06/16/2023
2680013,Common Ground High School District,Students With Disabilities,Students With Disabilities,58,0.8369,53,0.811,56,0.7604,53,0.9407,May 2023,06/16/2023
2680013,Common Ground High School District,Free/Reduced Lunch,Free Meal Eligible,126,0.8606,131,0.8087,138,0.7678,133,0.9324,May 2023,06/16/2023
2680013,Common Ground High School District,Free/Reduced Lunch,Free/Reduced Price Meal Eligible,140,0.8652,145,0.8164,148,0.7651,142,0.9318,May 2023,06/16/2023
2680013,Common Ground High School District,Race/Ethnicity,Black or African American,65,0.8837,69,0.8396,74,0.7988,81,0.9327,May 2023,06/16/2023
2680013,Common Ground High School District,Race/Ethnicity,Hispanic/Latino of any race,91,0.8571,88,0.8247,97,0.7552,87,0.9394,May 2023,06/16/2023
2680013,Common Ground High School District,High Needs,Students Without High Needs,46,0.9142,49,0.9006,64,0.8848,53,0.9467,May 2023,06/16/2023
2680013,Common Ground High School District,High Needs,Students With High Needs,157,0.8611,162,0.8261,168,0.771,162,0.9332,May 2023,06/16/2023
2690013,The Bridge Academy District,,All Students,271,0.9353,268,0.9414,266,0.9372,269,0.9414,May 2023,06/16/2023
2690013,The Bridge Academy District,Students With Disabilities,Students With Disabilities,48,0.9228,52,0.9346,59,0.8813,57,0.9223,May 2023,06/16/2023
2690013,The Bridge Academy District,Free/Reduced Lunch,Free Meal Eligible,166,0.9267,177,0.9324,174,0.9249,173,0.935,May 2023,06/16/2023
2690013,The Bridge Academy District,Free/Reduced Lunch,Reduced Price Meal Eligible,31,0.9535,35,0.9429,34,0.9556,39,0.9465,May 2023,06/16/2023
2690013,The Bridge Academy District,Free/Reduced Lunch,Free/Reduced Price Meal Eligible,197,0.9309,212,0.9342,208,0.9299,212,0.9371,May 2023,06/16/2023
2690013,The Bridge Academy District,Race/Ethnicity,Black or African American,139,0.9357,147,0.9438,155,0.9311,147,0.9414,May 2023,06/16/2023
2690013,The Bridge Academy District,Race/Ethnicity,Hispanic/Latino of any race,125,0.9348,117,0.9391,107,0.9451,115,0.9403,May 2023,06/16/2023
2690013,The Bridge Academy District,High Needs,Students Without High Needs,62,0.9481,46,0.9687,49,0.9788,48,0.9681,May 2023,06/16/2023
2690013,The Bridge Academy District,High Needs,Students With High Needs,209,0.9315,222,0.9358,217,0.9278,221,0.9356,May 2023,06/16/2023
2700013,Side By Side Charter School District,,All Students,195,0.9453,195,0.9465,196,0.9362,193,0.9635,May 2023,06/16/2023
2700013,Side By Side Charter School District,Students With Disabilities,Students With Disabilities,21,0.9411,,,20,0.9263,21,0.963,May 2023,06/16/2023
2700013,Side By Side Charter School District,Free/Reduced Lunch,Free Meal Eligible,91,0.9427,,,81,0.9145,94,0.9662,May 2023,06/16/2023
2700013,Side By Side Charter School District,Free/Reduced Lunch,Reduced Price Meal Eligible,21,0.9606,,,26,0.93,24,0.9642,May 2023,06/16/2023
2700013,Side By Side Charter School District,Free/Reduced Lunch,Free/Reduced Price Meal Eligible,112,0.946,103,0.9416,107,0.9183,118,0.9658,May 2023,06/16/2023
2700013,Side By Side Charter School District,English Learners,English Learners,38,0.9513,32,0.9551,28,0.8797,21,0.9677,May 2023,06/16/2023
2700013,Side By Side Charter School District,Race/Ethnicity,Black or African American,49,0.9431,53,0.9487,52,0.9317,57,0.9656,May 2023,06/16/2023
2700013,Side By Side Charter School District,Race/Ethnicity,Hispanic/Latino of any race,115,0.948,109,0.9454,111,0.935,104,0.9634,May 2023,06/16/2023
2700013,Side By Side Charter School District,High Needs,Students Without High Needs,70,0.9443,81,0.9511,77,0.9621,65,0.9569,May 2023,06/16/2023
2700013,Side By Side Charter School District,High Needs,Students With High Needs,125,0.9458,114,0.9432,119,0.9194,128,0.9669,May 2023,06/16/2023
2720013,Explorations District,,All Students,82,0.8517,87,0.8789,80,0.8733,84,0.9085,May 2023,06/16/2023
2720013,Explorations District,Students With Disabilities,Students With Disabilities,25,0.8791,24,0.8503,29,0.8515,29,0.8923,May 2023,06/16/2023
2720013,Explorations District,Free/Reduced Lunch,Free/Reduced Price Meal Eligible,46,0.8367,57,0.8705,55,0.8653,60,0.9189,May 2023,06/16/2023
2720013,Explorations District,Race/Ethnicity,White,65,0.8549,73,0.8882,64,0.8852,69,0.9215,May 2023,06/16/2023
2720013,Explorations District,High Needs,Students Without High Needs,25,0.8731,25,0.9081,20,0.9364,,,May 2023,06/16/2023
2720013,Explorations District,High Needs,Students With High Needs,57,0.8431,62,0.8674,60,0.8536,,,May 2023,06/16/2023
2790013,Amistad Academy District,,All Students,1095,0.9067,1090,0.878,1122,0.9362,1079,0.9581,May 2023,06/16/2023
2790013,Amistad Academy District,Students With Disabilities,Students With Disabilities,98,0.9023,102,0.8634,104,0.9241,83,0.9374,May 2023,06/16/2023
2790013,Amistad Academy District,Free/Reduced Lunch,Free Meal Eligible,780,0.902,693,0.8657,717,0.9185,718,0.9534,May 2023,06/16/2023
2790013,Amistad Academy District,Free/Reduced Lunch,Reduced Price Meal Eligible,66,0.9103,115,0.8974,80,0.958,87,0.9626,May 2023,06/16/2023
2790013,Amistad Academy District,Free/Reduced Lunch,Free/Reduced Price Meal Eligible,846,0.9027,808,0.8702,797,0.9224,805,0.9544,May 2023,06/16/2023
2790013,Amistad Academy District,English Learners,English Learners,145,0.9222,134,0.9007,121,0.9467,108,0.9698,May 2023,06/16/2023
2790013,Amistad Academy District,Race/Ethnicity,Black or African American,658,0.9058,654,0.8739,692,0.9292,673,0.9573,May 2023,06/16/2023
2790013,Amistad Academy District,Race/Ethnicity,Hispanic/Latino of any race,390,0.9097,393,0.8856,395,0.9488,368,0.9617,May 2023,06/16/2023
2790013,Amistad Academy District,High Needs,Students Without High Needs,207,0.917,239,0.9002,266,0.971,240,0.9683,May 2023,06/16/2023
2790013,Amistad Academy District,High Needs,Students With High Needs,888,0.9042,851,0.8718,856,0.9254,839,0.9551,May 2023,06/16/2023
2800013,New Beginnings Inc Family Academy District,,All Students,304,0.919,386,0.8995,431,0.8504,418,0.9468,May 2023,06/16/2023
2800013,New Beginnings Inc Family Academy District,Students With Disabilities,Students With Disabilities,27,0.9237,34,0.8941,37,0.8353,49,0.9446,May 2023,06/16/2023
2800013,New Beginnings Inc Family Academy District,English Learners,English Learners,45,0.9149,46,0.9025,,,,,May 2023,06/16/2023
2800013,New Beginnings Inc Family Academy District,Race/Ethnicity,Black or African American,165,0.9203,218,0.9057,260,0.8556,256,0.95,May 2023,06/16/2023
2800013,New Beginnings Inc Family Academy District,Race/Ethnicity,Hispanic/Latino of any race,135,0.9169,159,0.8901,158,0.8392,140,0.9406,May 2023,06/16/2023
2830013,Park City Prep Charter School District,,All Students,372,0.9457,333,0.9424,339,0.927,353,0.959,May 2023,06/16/2023
2830013,Park City Prep Charter School District,Students With Disabilities,Students With Disabilities,32,0.9423,30,0.9461,29,0.9157,33,0.9365,May 2023,06/16/2023
2830013,Park City Prep Charter School District,Free/Reduced Lunch,Free Meal Eligible,237,0.9442,218,0.9395,222,0.9202,242,0.9569,May 2023,06/16/2023
2830013,Park City Prep Charter School District,Free/Reduced Lunch,Reduced Price Meal Eligible,36,0.9548,35,0.9527,37,0.9485,49,0.9617,May 2023,06/16/2023
2830013,Park City Prep Charter School District,Free/Reduced Lunch,Free/Reduced Price Meal Eligible,273,0.9456,253,0.9413,259,0.9243,291,0.9577,May 2023,06/16/2023
2830013,Park City Prep Charter School District,English Learners,English Learners,55,0.9519,39,0.9459,25,0.9447,27,0.9601,May 2023,06/16/2023
2830013,Park City Prep Charter School District,Race/Ethnicity,Black or African American,188,0.9455,157,0.9488,156,0.9302,152,0.9637,May 2023,06/16/2023
2830013,Park City Prep Charter School District,Race/Ethnicity,Hispanic/Latino of any race,153,0.9431,147,0.935,155,0.9197,173,0.9538,May 2023,06/16/2023
2830013,Park City Prep Charter School District,High Needs,Students Without High Needs,77,0.9455,61,0.944,65,0.9324,55,0.9649,May 2023,06/16/2023
2830013,Park City Prep Charter School District,High Needs,Students With High Needs,295,0.9458,272,0.942,274,0.9257,298,0.9579,May 2023,06/16/2023
2850013,Achievement First Bridgeport Academy District,,All Students,1049,0.9129,1057,0.8709,1120,0.9442,1082,0.9598,May 2023,06/16/2023
2850013,Achievement First Bridgeport Academy District,Students With Disabilities,Students With Disabilities,104,0.8978,99,0.8535,103,0.9222,107,0.9519,May 2023,06/16/2023
2850013,Achievement First Bridgeport Academy District,Free/Reduced Lunch,Free Meal Eligible,673,0.904,636,0.8551,627,0.9296,683,0.9558,May 2023,06/16/2023
2850013,Achievement First Bridgeport Academy District,Free/Reduced Lunch,Reduced Price Meal Eligible,101,0.93,99,0.9008,78,0.9652,95,0.9672,May 2023,06/16/2023
2850013,Achievement First Bridgeport Academy District,Free/Reduced Lunch,Free/Reduced Price Meal Eligible,774,0.9074,735,0.8613,705,0.9336,778,0.9572,May 2023,06/16/2023
2850013,Achievement First Bridgeport Academy District,English Learners,English Learners,147,0.9239,146,0.8848,166,0.9413,145,0.9619,May 2023,06/16/2023
2850013,Achievement First Bridgeport Academy District,Race/Ethnicity,All other races,21,0.8968,,,,,,,May 2023,06/16/2023
2850013,Achievement First Bridgeport Academy District,Race/Ethnicity,Black or African American,539,0.9202,568,0.8787,595,0.9469,583,0.9622,May 2023,06/16/2023
2850013,Achievement First Bridgeport Academy District,Race/Ethnicity,Hispanic/Latino of any race,468,0.9055,453,0.8616,493,0.9419,472,0.9564,May 2023,06/16/2023
2850013,Achievement First Bridgeport Academy District,Race/Ethnicity,White,21,0.9098,,,,,,,May 2023,06/16/2023
2850013,Achievement First Bridgeport Academy District,High Needs,Students Without High Needs,218,0.9278,262,0.8943,336,0.9635,243,0.967,May 2023,06/16/2023
2850013,Achievement First Bridgeport Academy District,High Needs,Students With High Needs,831,0.9091,795,0.8632,784,0.936,839,0.9577,May 2023,06/16/2023
2860013,Highville Charter School District,,All Students,402,0.9114,405,0.8851,366,0.9627,371,0.9476,May 2023,06/16/2023
2860013,Highville Charter School District,Students With Disabilities,Students With Disabilities,32,0.9067,38,0.8853,25,0.9474,24,0.9413,May 2023,06/16/2023
2860013,Highville Charter School District,Free/Reduced Lunch,Free Meal Eligible,271,0.9026,267,0.8742,210,0.9554,209,0.9404,May 2023,06/16/2023
2860013,Highville Charter School District,Free/Reduced Lunch,Reduced Price Meal Eligible,46,0.9217,45,0.8974,48,0.9701,46,0.9745,May 2023,06/16/2023
2860013,Highville Charter School District,Free/Reduced Lunch,Free/Reduced Price Meal Eligible,317,0.9054,312,0.8775,258,0.9581,255,0.9467,May 2023,06/16/2023
2860013,Highville Charter School District,Race/Ethnicity,Black or African American,339,0.9117,343,0.8867,331,0.9624,340,0.9482,May 2023,06/16/2023
2860013,Highville Charter School District,Race/Ethnicity,Hispanic/Latino of any race,52,0.917,51,0.8825,26,0.9716,,,May 2023,06/16/2023
2860013,Highville Charter School District,High Needs,Students Without High Needs,78,0.9323,84,0.9093,102,0.9748,106,0.9501,May 2023,06/16/2023
2860013,Highville Charter School District,High Needs,Students With High Needs,324,0.9064,321,0.8788,264,0.958,265,0.9466,May 2023,06/16/2023
2880013,Achievement First Hartford Academy District,,All Students,1000,0.9183,1084,0.8738,1151,0.9043,1134,0.9589,May 2023,06/16/2023
2880013,Achievement First Hartford Academy District,Students With Disabilities,Students With Disabilities,95,0.8965,109,0.8492,103,0.8957,114,0.9506,May 2023,06/16/2023
2880013,Achievement First Hartford Academy District,Free/Reduced Lunch,Free Meal Eligible,425,0.9172,748,0.8615,805,0.8891,861,0.9552,May 2023,06/16/2023
2880013,Achievement First Hartford Academy District,Free/Reduced Lunch,Reduced Price Meal Eligible,46,0.9402,91,0.9053,66,0.9427,59,0.9771,May 2023,06/16/2023
2880013,Achievement First Hartford Academy District,Free/Reduced Lunch,Free/Reduced Price Meal Eligible,471,0.9195,839,0.8663,871,0.8932,920,0.9566,May 2023,06/16/2023
2880013,Achievement First Hartford Academy District,English Learners,English Learners,54,0.9,54,0.8719,69,0.9018,66,0.9538,May 2023,06/16/2023
2880013,Achievement First Hartford Academy District,Race/Ethnicity,Black or African American,753,0.9236,791,0.8801,831,0.9128,821,0.9636,May 2023,06/16/2023
2880013,Achievement First Hartford Academy District,Race/Ethnicity,Hispanic/Latino of any race,219,0.8989,267,0.8544,291,0.8832,285,0.9461,May 2023,06/16/2023
2880013,Achievement First Hartford Academy District,High Needs,Students Without High Needs,451,0.9226,215,0.8991,252,0.939,190,0.9669,May 2023,06/16/2023
2880013,Achievement First Hartford Academy District,High Needs,Students With High Needs,549,0.9147,869,0.8675,899,0.8947,944,0.9572,May 2023,06/16/2023
2890013,Elm City College Preparatory School District,,All Students,757,0.906,738,0.8693,757,0.9346,741,0.9562,May 2023,06/16/2023
2890013,Elm City College Preparatory School District,Students With Disabilities,Students With Disabilities,67,0.8941,73,0.8291,72,0.8935,74,0.9294,May 2023,06/16/2023
2890013,Elm City College Preparatory School District,Free/Reduced Lunch,Free Meal Eligible,520,0.8956,496,0.8568,499,0.9207,500,0.9505,May 2023,06/16/2023
2890013,Elm City College Preparatory School District,Free/Reduced Lunch,Reduced Price Meal Eligible,74,0.9369,71,0.8979,51,0.9638,44,0.97,May 2023,06/16/2023
2890013,Elm City College Preparatory School District,Free/Reduced Lunch,Free/Reduced Price Meal Eligible,594,0.9007,567,0.862,550,0.9247,544,0.9521,May 2023,06/16/2023
2890013,Elm City College Preparatory School District,English Learners,English Learners,69,0.9315,63,0.9146,53,0.9586,54,0.9717,May 2023,06/16/2023
2890013,Elm City College Preparatory School District,Race/Ethnicity,Black or African American,482,0.9028,486,0.8614,502,0.9239,506,0.9529,May 2023,06/16/2023
2890013,Elm City College Preparatory School District,Race/Ethnicity,Hispanic/Latino of any race,242,0.9137,224,0.8837,223,0.9586,203,0.9619,May 2023,06/16/2023
2890013,Elm City College Preparatory School District,High Needs,Students Without High Needs,142,0.9268,151,0.8945,185,0.9618,173,0.967,May 2023,06/16/2023
2890013,Elm City College Preparatory School District,High Needs,Students With High Needs,615,0.9013,587,0.8628,572,0.9258,568,0.9529,May 2023,06/16/2023
2900013,Brass City Charter School District,,All Students,321,0.9252,318,0.923,320,0.9137,289,0.9478,May 2023,06/16/2023
2900013,Brass City Charter School District,Students With Disabilities,Students With Disabilities,53,0.933,52,0.9209,36,0.9002,26,0.9546,May 2023,06/16/2023
2900013,Brass City Charter School District,Free/Reduced Lunch,Free Meal Eligible,153,0.9164,159,0.9158,156,0.8872,155,0.9433,May 2023,06/16/2023
2900013,Brass City Charter School District,Free/Reduced Lunch,Free/Reduced Price Meal Eligible,171,0.9176,176,0.9153,170,0.8927,178,0.9458,May 2023,06/16/2023
2900013,Brass City Charter School District,Race/Ethnicity,Black or African American,101,0.928,101,0.92,105,0.8909,102,0.9456,May 2023,06/16/2023
2900013,Brass City Charter School District,Race/Ethnicity,Hispanic/Latino of any race,172,0.9257,161,0.9206,158,0.9198,136,0.9483,May 2023,06/16/2023
2900013,Brass City Charter School District,High Needs,Students Without High Needs,120,0.9342,114,0.9301,134,0.9354,102,0.9486,May 2023,06/16/2023
2900013,Brass City Charter School District,High Needs,Students With High Needs,201,0.9199,204,0.9191,186,0.8978,187,0.9473,May 2023,06/16/2023
2910013,Elm City Montessori School District,,All Students,217,0.9392,201,0.9427,173,0.9327,149,0.9605,May 2023,06/16/2023
2910013,Elm City Montessori School District,Students With Disabilities,Students With Disabilities,23,0.9379,21,0.9463,,,,,May 2023,06/16/2023
2910013,Elm City Montessori School District,Free/Reduced Lunch,Free Meal Eligible,90,0.9288,,,,,,,May 2023,06/16/2023
2910013,Elm City Montessori School District,Free/Reduced Lunch,Free/Reduced Price Meal Eligible,90,0.9288,83,0.9213,74,0.8933,72,0.9541,May 2023,06/16/2023
2910013,Elm City Montessori School District,Race/Ethnicity,All other races,27,0.9499,24,0.939,,,,,May 2023,06/16/2023
2910013,Elm City Montessori School District,Race/Ethnicity,Black or African American,53,0.938,59,0.9312,61,0.9109,52,0.9596,May 2023,06/16/2023
2910013,Elm City Montessori School District,Race/Ethnicity,Hispanic/Latino of any race,64,0.9328,53,0.9465,,,,,May 2023,06/16/2023
2910013,Elm City Montessori School District,Race/Ethnicity,White,73,0.942,65,0.9511,54,0.9621,51,0.9661,May 2023,06/16/2023
2910013,Elm City Montessori School District,High Needs,Students Without High Needs,116,0.9463,109,0.9572,93,0.9611,70,0.968,May 2023,06/16/2023
2910013,Elm City Montessori School District,High Needs,Students With High Needs,101,0.9311,92,0.9253,80,0.8994,79,0.954,May 2023,06/16/2023
2940013,Great Oaks Charter School District,,All Students,608,0.8901,576,0.9085,641,0.9676,508,0.9456,May 2023,06/16/2023
2940013,Great Oaks Charter School District,Students With Disabilities,Students With Disabilities,115,0.8688,98,0.8744,116,0.9591,90,0.9416,May 2023,06/16/2023
2940013,Great Oaks Charter School District,Free/Reduced Lunch,Free Meal Eligible,256,0.8755,361,0.8978,411,0.9663,348,0.9407,May 2023,06/16/2023
2940013,Great Oaks Charter School District,Free/Reduced Lunch,Reduced Price Meal Eligible,39,0.9053,58,0.9137,57,0.9731,46,0.9468,May 2023,06/16/2023
2940013,Great Oaks Charter School District,Free/Reduced Lunch,Free/Reduced Price Meal Eligible,295,0.8793,419,0.9,468,0.9671,394,0.9414,May 2023,06/16/2023
2940013,Great Oaks Charter School District,English Learners,English Learners,70,0.9152,72,0.922,79,0.9714,66,0.9397,May 2023,06/16/2023
2940013,Great Oaks Charter School District,Race/Ethnicity,Black or African American,258,0.8859,259,0.911,306,0.9693,236,0.9478,May 2023,06/16/2023
2940013,Great Oaks Charter School District,Race/Ethnicity,Hispanic/Latino of any race,318,0.8943,287,0.9072,300,0.9662,234,0.9454,May 2023,06/16/2023
2940013,Great Oaks Charter School District,High Needs,Students Without High Needs,229,0.9007,112,0.933,126,0.9722,82,0.9659,May 2023,06/16/2023
2940013,Great Oaks Charter School District,High Needs,Students With High Needs,379,0.8836,464,0.9026,515,0.9665,426,0.9416,May 2023,06/16/2023
2950013,Booker T. Washington Academy District,,All Students,417,0.9265,489,0.9158,475,0.8304,405,0.942,May 2023,06/16/2023
2950013,Booker T. Washington Academy District,Students With Disabilities,Students With Disabilities,28,0.9104,37,0.9197,36,0.7929,30,0.9393,May 2023,06/16/2023
2950013,Booker T. Washington Academy District,Free/Reduced Lunch,Free Meal Eligible,251,0.9207,286,0.9039,270,0.8068,221,0.9348,May 2023,06/16/2023
2950013,Booker T. Washington Academy District,Free/Reduced Lunch,Reduced Price Meal Eligible,87,0.9283,105,0.9308,109,0.8483,99,0.9439,May 2023,06/16/2023
2950013,Booker T. Washington Academy District,Free/Reduced Lunch,Free/Reduced Price Meal Eligible,338,0.9226,391,0.9111,379,0.8188,320,0.9376,May 2023,06/16/2023
2950013,Booker T. Washington Academy District,Race/Ethnicity,Black or African American,344,0.9287,407,0.9223,400,0.8338,341,0.9432,May 2023,06/16/2023
2950013,Booker T. Washington Academy District,Race/Ethnicity,Hispanic/Latino of any race,61,0.9134,69,0.8753,61,0.8147,53,0.934,May 2023,06/16/2023
2950013,Booker T. Washington Academy District,High Needs,Students Without High Needs,72,0.9425,86,0.9425,86,0.8793,74,0.9591,May 2023,06/16/2023
2950013,Booker T. Washington Academy District,High Needs,Students With High Needs,345,0.9232,403,0.9101,389,0.8196,331,0.9381,May 2023,06/16/2023
2960013,Stamford Charter School for Excellence District,,All Students,463,0.953,424,0.947,383,0.9803,332,0.9622,May 2023,06/16/2023
2960013,Stamford Charter School for Excellence District,Students With Disabilities,Students With Disabilities,24,0.9563,32,0.9451,28,0.9796,23,0.9518,May 2023,06/16/2023
2960013,Stamford Charter School for Excellence District,Free/Reduced Lunch,Free Meal Eligible,189,0.9486,178,0.9454,199,0.9735,,,May 2023,06/16/2023
2960013,Stamford Charter School for Excellence District,Free/Reduced Lunch,Reduced Price Meal Eligible,41,0.954,42,0.9501,35,0.979,,,May 2023,06/16/2023
2960013,Stamford Charter School for Excellence District,Free/Reduced Lunch,Free/Reduced Price Meal Eligible,230,0.9496,220,0.9463,234,0.9743,155,0.9641,May 2023,06/16/2023
2960013,Stamford Charter School for Excellence District,English Learners,English Learners,48,0.9716,51,0.9647,46,0.9821,45,0.9748,May 2023,06/16/2023
2960013,Stamford Charter School for Excellence District,Race/Ethnicity,Black or African American,211,0.9554,193,0.9534,177,0.9779,155,0.9627,May 2023,06/16/2023
2960013,Stamford Charter School for Excellence District,Race/Ethnicity,Hispanic/Latino of any race,123,0.9485,,,,,,,May 2023,06/16/2023
2960013,Stamford Charter School for Excellence District,High Needs,Students Without High Needs,214,0.9544,182,0.9462,142,0.9897,159,0.9599,May 2023,06/16/2023
2960013,Stamford Charter School for Excellence District,High Needs,Students With High Needs,249,0.9518,242,0.9475,241,0.9748,173,0.9642,May 2023,06/16/2023
2970013,Capital Preparatory Harbor School District,,All Students,714,0.9202,731,0.9064,742,0.9583,704,0.9632,May 2023,06/16/2023
2970013,Capital Preparatory Harbor School District,Students With Disabilities,Students With Disabilities,70,0.9057,81,0.903,72,0.9489,71,0.9535,May 2023,06/16/2023
2970013,Capital Preparatory Harbor School District,Free/Reduced Lunch,Free Meal Eligible,421,0.9109,393,0.9024,439,0.9517,488,0.958,May 2023,06/16/2023
2970013,Capital Preparatory Harbor School District,Free/Reduced Lunch,Reduced Price Meal Eligible,80,0.9318,68,0.9173,69,0.9672,53,0.9814,May 2023,06/16/2023
2970013,Capital Preparatory Harbor School District,Free/Reduced Lunch,Free/Reduced Price Meal Eligible,501,0.9142,461,0.9046,508,0.9538,541,0.9603,May 2023,06/16/2023
2970013,Capital Preparatory Harbor School District,English Learners,English Learners,68,0.934,58,0.9188,49,0.9729,49,0.9733,May 2023,06/16/2023
2970013,Capital Preparatory Harbor School District,Race/Ethnicity,Black or African American,475,0.9218,490,0.9098,515,0.9585,498,0.9645,May 2023,06/16/2023
2970013,Capital Preparatory Harbor School District,Race/Ethnicity,Hispanic/Latino of any race,226,0.9201,234,0.9026,213,0.958,200,0.9606,May 2023,06/16/2023
2970013,Capital Preparatory Harbor School District,High Needs,Students Without High Needs,181,0.9341,220,0.9107,206,0.9696,148,0.9729,May 2023,06/16/2023
2970013,Capital Preparatory Harbor School District,High Needs,Students With High Needs,533,0.9155,511,0.9046,536,0.954,556,0.9607,May 2023,06/16/2023
3360015,Unified School District #1,,All Students,123,0.927,125,0.9034,142,0.9742,150,0.9489,May 2023,06/16/2023
3360015,Unified School District #1,Students With Disabilities,Students With Disabilities,74,0.9368,,,,,,,May 2023,06/16/2023
3360015,Unified School District #1,Free/Reduced Lunch,Free Meal Eligible,89,0.9354,125,0.9034,142,0.9742,150,0.9489,May 2023,06/16/2023
3360015,Unified School District #1,Free/Reduced Lunch,Free/Reduced Price Meal Eligible,89,0.9357,125,0.9034,142,0.9742,150,0.9489,May 2023,06/16/2023
3360015,Unified School District #1,Race/Ethnicity,Black or African American,67,0.9237,61,0.919,74,0.9751,83,0.9482,May 2023,06/16/2023
3360015,Unified School District #1,Race/Ethnicity,Hispanic/Latino of any race,44,0.9252,55,0.8879,44,0.9712,51,0.9438,May 2023,06/16/2023
3360015,Unified School District #1,High Needs,Students Without High Needs,31,0.8778,,,,,,,May 2023,06/16/2023
3360015,Unified School District #1,High Needs,Students With High Needs,92,0.9366,125,0.9034,142,0.9742,150,0.9489,May 2023,06/16/2023
3470015,Unified School District #2,,All Students,69,0.923,87,0.9185,73,0.9468,76,0.9566,May 2023,06/16/2023
3470015,Unified School District #2,Free/Reduced Lunch,Free Meal Eligible,52,0.9267,87,0.9185,73,0.9468,76,0.9566,May 2023,06/16/2023
3470015,Unified School District #2,Free/Reduced Lunch,Free/Reduced Price Meal Eligible,53,0.9263,87,0.9185,73,0.9468,76,0.9566,May 2023,06/16/2023
3470015,Unified School District #2,Race/Ethnicity,White,29,0.91,32,0.9194,28,0.9495,29,0.924,May 2023,06/16/2023
9000016,Connecticut Technical Education and Career System,,All Students,10949,0.9251,11136,0.9026,11087,0.937,10808,0.948,May 2023,06/16/2023
9000016,Connecticut Technical Education and Career System,Homelessness,Students Experiencing Homelessness,21,0.7925,55,0.7661,46,0.8286,56,0.8882,May 2023,06/16/2023
9000016,Connecticut Technical Education and Career System,Students With Disabilities,Students With Disabilities,1780,0.9158,1644,0.8917,1432,0.9276,1196,0.9459,May 2023,06/16/2023
9000016,Connecticut Technical Education and Career System,Free/Reduced Lunch,Free Meal Eligible,4490,0.9118,5456,0.8861,4893,0.9169,5207,0.9407,May 2023,06/16/2023
9000016,Connecticut Technical Education and Career System,Free/Reduced Lunch,Reduced Price Meal Eligible,699,0.9301,822,0.9104,604,0.9512,869,0.9537,May 2023,06/16/2023
9000016,Connecticut Technical Education and Career System,Free/Reduced Lunch,Free/Reduced Price Meal Eligible,5189,0.9142,6278,0.8893,5497,0.9207,6076,0.9426,May 2023,06/16/2023
9000016,Connecticut Technical Education and Career System,English Learners,English Learners,494,0.9232,487,0.888,451,0.9107,470,0.9489,May 2023,06/16/2023
9000016,Connecticut Technical Education and Career System,Race/Ethnicity,All other races,701,0.9189,731,0.9003,663,0.9348,621,0.9466,May 2023,06/16/2023
9000016,Connecticut Technical Education and Career System,Race/Ethnicity,Black or African American,1303,0.9202,1300,0.8963,1280,0.926,1267,0.9494,May 2023,06/16/2023
9000016,Connecticut Technical Education and Career System,Race/Ethnicity,Hispanic/Latino of any race,4611,0.9245,4672,0.8969,4581,0.9301,4383,0.947,May 2023,06/16/2023
9000016,Connecticut Technical Education and Career System,Race/Ethnicity,White,4334,0.9284,4433,0.9108,4563,0.9473,4537,0.9489,May 2023,06/16/2023
9000016,Connecticut Technical Education and Career System,High Needs,Students Without High Needs,4697,0.9363,3985,0.9217,4706,0.9543,4056,0.9553,May 2023,06/16/2023
9000016,Connecticut Technical Education and Career System,High Needs,Students With High Needs,6252,0.9168,7151,0.8919,6381,0.9242,6752,0.9437,May 2023,06/16/2023
9010022,Norwich Free Academy District,,All Students,2096,0.8947,2065,0.8991,2080,0.9034,2257,0.9319,May 2023,06/16/2023
9010022,Norwich Free Academy District,Students With Disabilities,Students With Disabilities,250,0.8601,267,0.873,237,0.8323,242,0.906,May 2023,06/16/2023
9010022,Norwich Free Academy District,Free/Reduced Lunch,Free Meal Eligible,929,0.867,861,0.872,847,0.8618,966,0.9127,May 2023,06/16/2023
9010022,Norwich Free Academy District,Free/Reduced Lunch,Reduced Price Meal Eligible,149,0.8997,165,0.9105,159,0.9228,198,0.9461,May 2023,06/16/2023
9010022,Norwich Free Academy District,Free/Reduced Lunch,Free/Reduced Price Meal Eligible,1078,0.8715,1026,0.8783,1006,0.8716,1164,0.9185,May 2023,06/16/2023
9010022,Norwich Free Academy District,English Learners,English Learners,216,0.8832,221,0.8637,189,0.8248,223,0.9214,May 2023,06/16/2023
9010022,Norwich Free Academy District,Race/Ethnicity,All other races,334,0.9064,266,0.9107,274,0.9228,356,0.932,May 2023,06/16/2023
9010022,Norwich Free Academy District,Race/Ethnicity,Black or African American,225,0.8888,303,0.898,290,0.8933,336,0.9343,May 2023,06/16/2023
9010022,Norwich Free Academy District,Race/Ethnicity,Hispanic/Latino of any race,567,0.8716,491,0.8662,454,0.8407,389,0.9118,May 2023,06/16/2023
9010022,Norwich Free Academy District,Race/Ethnicity,White,970,0.9054,1005,0.912,1062,0.9276,1176,0.9376,May 2023,06/16/2023
9010022,Norwich Free Academy District,High Needs,Students Without High Needs,896,0.9256,911,0.9267,945,0.9457,991,0.9475,May 2023,06/16/2023
9010022,Norwich Free Academy District,High Needs,Students With High Needs,1200,0.8726,1154,0.8769,1135,0.8678,1266,0.9195,May 2023,06/16/2023
9020022,The Gilbert School District,,All Students,417,0.9141,423,0.8951,445,0.9502,470,0.9394,May 2023,06/16/2023
9020022,The Gilbert School District,Students With Disabilities,Students With Disabilities,55,0.9167,58,0.8742,71,0.9259,73,0.9208,May 2023,06/16/2023
9020022,The Gilbert School District,Free/Reduced Lunch,Free Meal Eligible,156,0.898,153,0.8688,173,0.9326,147,0.922,May 2023,06/16/2023
9020022,The Gilbert School District,Free/Reduced Lunch,Reduced Price Meal Eligible,56,0.9194,55,0.8839,38,0.9247,49,0.933,May 2023,06/16/2023
9020022,The Gilbert School District,Free/Reduced Lunch,Free/Reduced Price Meal Eligible,212,0.9037,208,0.8728,211,0.9312,196,0.9248,May 2023,06/16/2023
9020022,The Gilbert School District,Race/Ethnicity,Hispanic/Latino of any race,85,0.9106,89,0.8784,73,0.9395,78,0.926,May 2023,06/16/2023
9020022,The Gilbert School District,Race/Ethnicity,White,282,0.9173,275,0.8993,313,0.9553,323,0.9412,May 2023,06/16/2023
9020022,The Gilbert School District,High Needs,Students Without High Needs,183,0.9236,192,0.9182,202,0.9712,243,0.9517,May 2023,06/16/2023
9020022,The Gilbert School District,High Needs,Students With High Needs,234,0.9068,231,0.8761,243,0.9326,227,0.9259,May 2023,06/16/2023
9030022,The Woodstock Academy District,,All Students,1035,0.915,1059,0.9309,1046,0.9304,1113,0.9471,May 2023,06/16/2023
9030022,The Woodstock Academy District,Students With Disabilities,Students With Disabilities,82,0.868,72,0.923,65,0.8908,63,0.9058,May 2023,06/16/2023
9030022,The Woodstock Academy District,Free/Reduced Lunch,Free/Reduced Price Meal Eligible,47,0.8429,32,0.8684,,,42,0.8943,May 2023,06/16/2023
9030022,The Woodstock Academy District,Race/Ethnicity,All other races,89,0.9165,87,0.9411,92,0.9335,126,0.9739,May 2023,06/16/2023
9030022,The Woodstock Academy District,Race/Ethnicity,White,864,0.9168,898,0.931,897,0.9311,925,0.9437,May 2023,06/16/2023
9030022,The Woodstock Academy District,High Needs,Students Without High Needs,913,0.9221,957,0.9331,963,0.935,1009,0.9516,May 2023,06/16/2023
9030022,The Woodstock Academy District,High Needs,Students With High Needs,122,0.863,102,0.9095,83,0.8769,104,0.9034,May 2023,06/16/2023
